-- phpMyAdmin SQL Dump
-- version 2.10.3
-- http://www.phpmyadmin.net
-- 
-- โฮสต์: localhost
-- เวลาในการสร้าง: 09 เม.ย. 2015  10:37น.
-- รุ่นของเซิร์ฟเวอร์: 5.0.95
-- รุ่นของ PHP: 5.1.6

SET SQL_MODE="NO_AUTO_VALUE_ON_ZERO";

-- 
-- ฐานข้อมูล: `hrd`
-- 

-- --------------------------------------------------------

-- 
-- โครงสร้างตาราง `customer`
-- 

CREATE TABLE `customer` (
  `CustomerID` varchar(4) character set utf8 collate utf8_unicode_ci NOT NULL,
  `Name` varchar(50) character set utf8 collate utf8_unicode_ci NOT NULL,
  `Email` varchar(50) character set utf8 collate utf8_unicode_ci NOT NULL,
  `CountryCode` varchar(2) character set utf8 collate utf8_unicode_ci NOT NULL,
  `Budget` double NOT NULL,
  `Used` double NOT NULL,
  PRIMARY KEY  (`CustomerID`)
) ENGINE=MyISAM DEFAULT CHARSET=utf8 COLLATE=utf8_bin;

-- 
-- dump ตาราง `customer`
-- 

INSERT INTO `customer` VALUES ('1234', 'asfsadfsad', 'adsfasadsf', '11', 1500, 0);

-- --------------------------------------------------------

-- 
-- โครงสร้างตาราง `department`
-- 

CREATE TABLE `department` (
  `depId` varchar(4) character set utf8 collate utf8_unicode_ci NOT NULL,
  `depName` varchar(100) character set utf8 collate utf8_unicode_ci NOT NULL,
  `depCode` varchar(2) character set utf8 collate utf8_unicode_ci NOT NULL
) ENGINE=MyISAM DEFAULT CHARSET=utf8 COLLATE=utf8_bin;

-- 
-- dump ตาราง `department`
-- 

INSERT INTO `department` VALUES ('6000', 'ฝ่ายการแพทย์', '60');
INSERT INTO `department` VALUES ('5000', 'สำนักเลขานุการ', '50');
INSERT INTO `department` VALUES ('4000', 'สำนักคุณภาพ', '40');
INSERT INTO `department` VALUES ('3000', 'ฝ่ายเภสัชกรรม', '30');
INSERT INTO `department` VALUES ('2400', 'ฝ่ายสุขภาพจิตสารเสพติด', '24');
INSERT INTO `department` VALUES ('2300', 'ฝ่ายสังคมสงเคราะห์', '23');
INSERT INTO `department` VALUES ('2200', 'ฝ่ายพยาธิวิทยา', '22');
INSERT INTO `department` VALUES ('2100', 'ฝ่ายจิตเวชชุมชน', '21');
INSERT INTO `department` VALUES ('2000', 'ฝ่ายการพยาบาล', '20');
INSERT INTO `department` VALUES ('2003', 'งานผู้ป่วยใน  (หญิง) ', '20');
INSERT INTO `department` VALUES ('2002', 'งานผู้ป่วยใน  (ชาย)  ', '20');
INSERT INTO `department` VALUES ('2001', 'งานผู้ป่วยนอก', '20');
INSERT INTO `department` VALUES ('2004', 'งานจิตเวชฉุกเฉิน', '20');
INSERT INTO `department` VALUES ('1300', 'ฝ่ายพัสดุ', '13');
INSERT INTO `department` VALUES ('1200', 'ฝ่ายการเงินและบัญชี', '12');
INSERT INTO `department` VALUES ('1100', 'สำนักนโยบายและแผนงาน', '11');
INSERT INTO `department` VALUES ('1103', 'งานห้องสมุด', '11');
INSERT INTO `department` VALUES ('1102', 'งานโสตทัศนศึกษา', '11');
INSERT INTO `department` VALUES ('1101', 'งานแผนงานและประเมินผล', '11');
INSERT INTO `department` VALUES ('1104', 'งานเวชระเบียน', '11');
INSERT INTO `department` VALUES ('1000', 'ฝ่ายบริหารงานทั่วไป', '10');
INSERT INTO `department` VALUES ('1007', 'งานคนสวน', '10');
INSERT INTO `department` VALUES ('1005', 'งานยานพาหนะ', '10');
INSERT INTO `department` VALUES ('1006', 'งานพนักงานทำความสะอาด', '10');
INSERT INTO `department` VALUES ('1004', 'งานบริหารทรัพยากรมนุษย์', '10');
INSERT INTO `department` VALUES ('1003', 'งานธุรการ', '10');
INSERT INTO `department` VALUES ('1002', 'งานซ่อมบำรุง', '10');
INSERT INTO `department` VALUES ('1001', 'งานคอมพิวเตอร์', '10');
INSERT INTO `department` VALUES ('7001', 'ฝ่ายจิตวิทยา', '70');

-- --------------------------------------------------------

-- 
-- โครงสร้างตาราง `education`
-- 

CREATE TABLE `education` (
  `education` int(11) NOT NULL,
  `eduname` varchar(100) character set utf8 collate utf8_unicode_ci NOT NULL
) ENGINE=MyISAM DEFAULT CHARSET=utf8 COLLATE=utf8_bin;

-- 
-- dump ตาราง `education`
-- 

INSERT INTO `education` VALUES (1, 'ประถมศึกษา (ป.6)');
INSERT INTO `education` VALUES (2, 'มัธยมศึกษาตอนต้น (ม.3)');
INSERT INTO `education` VALUES (3, 'มัธยมศึกษาตอนปลาย  ปวช.');
INSERT INTO `education` VALUES (4, 'อนุปริญญา ปวส. ');
INSERT INTO `education` VALUES (5, 'ปริญญาตรี');
INSERT INTO `education` VALUES (6, 'ปริญญาโท');
INSERT INTO `education` VALUES (7, 'ปริญาเอก');
INSERT INTO `education` VALUES (99, 'ไม่จำกัดวุฒิการศึกษา');

-- --------------------------------------------------------

-- 
-- โครงสร้างตาราง `emppersonal`
-- 

CREATE TABLE `emppersonal` (
  `empno` int(4) unsigned zerofill NOT NULL auto_increment,
  `pid` varchar(5) character set utf8 collate utf8_unicode_ci NOT NULL,
  `idcard` varchar(13) character set utf8 collate utf8_unicode_ci NOT NULL,
  `pcode` varchar(4) character set utf8 collate utf8_unicode_ci NOT NULL,
  `firstname` varchar(50) character set utf8 collate utf8_unicode_ci NOT NULL,
  `lastname` varchar(100) character set utf8 collate utf8_unicode_ci NOT NULL,
  `sex` varchar(1) character set utf8 collate utf8_unicode_ci NOT NULL,
  `birthdate` date NOT NULL,
  `address` varchar(100) character set utf8 collate utf8_unicode_ci NOT NULL,
  `baan` varchar(100) character set utf8 collate utf8_unicode_ci NOT NULL,
  `tambol` varchar(100) character set utf8 collate utf8_unicode_ci NOT NULL,
  `empure` varchar(100) character set utf8 collate utf8_unicode_ci NOT NULL,
  `provice` varchar(2) character set utf8 collate utf8_unicode_ci NOT NULL,
  `zipcode` varchar(10) character set utf8 collate utf8_unicode_ci NOT NULL,
  `empcode` varchar(50) character set utf8 collate utf8_unicode_ci NOT NULL,
  `empstuc` varchar(2) character set utf8 collate utf8_unicode_ci NOT NULL,
  `emptype` varchar(2) character set utf8 collate utf8_unicode_ci NOT NULL,
  `status` varchar(2) character set utf8 collate utf8_unicode_ci NOT NULL,
  `telephone` varchar(20) character set utf8 collate utf8_unicode_ci NOT NULL,
  `mobile` varchar(20) character set utf8 collate utf8_unicode_ci NOT NULL,
  `email` varchar(50) character set utf8 collate utf8_unicode_ci default NULL,
  `depid` varchar(4) character set utf8 collate utf8_unicode_ci NOT NULL,
  `education` varchar(2) character set utf8 collate utf8_unicode_ci NOT NULL,
  `macode` varchar(100) character set utf8 collate utf8_unicode_ci default NULL,
  `institute` varchar(60) character set utf8 collate utf8_unicode_ci default NULL,
  `enddate` date NOT NULL,
  `posid` varchar(4) character set utf8 collate utf8_unicode_ci NOT NULL,
  `father` varchar(100) character set utf8 collate utf8_unicode_ci default NULL,
  `mother` varchar(100) character set utf8 collate utf8_unicode_ci default NULL,
  `spouse` varchar(100) character set utf8 collate utf8_unicode_ci default NULL,
  `empus` varchar(2) character set utf8 collate utf8_unicode_ci default NULL,
  `precode` varchar(2) character set utf8 collate utf8_unicode_ci default NULL,
  `empscan` varchar(100) character set utf8 collate utf8_unicode_ci default NULL,
  `poseducation` varchar(2) character set utf8 collate utf8_unicode_ci default NULL,
  `empnote` varchar(150) character set utf8 collate utf8_unicode_ci default NULL,
  `dateBegin` date default NULL,
  `dateEnd` date default NULL,
  PRIMARY KEY  (`empno`)
) ENGINE=MyISAM  DEFAULT CHARSET=utf8 COLLATE=utf8_bin AUTO_INCREMENT=130 ;

-- 
-- dump ตาราง `emppersonal`
-- 

INSERT INTO `emppersonal` VALUES (0094, '1094', '3420100611606', '2', 'ศิริพร', 'แสนสิงห์', '2', '0000-00-00', '74 ม.7', '-', 'น้ำสวย', 'เมือง', '42', '42000', 'คสก.645/43', '01', '1', '1', '-', '-', '-', '2002', '5', 'พยาบาลศาสตร์บัณฑิต', 'วิทยาลัยบรมราชชนนี อุดรธานี', '0000-00-00', '21', '-', '-', '-', '', '', '', '', '', '0000-00-00', NULL);
INSERT INTO `emppersonal` VALUES (0093, '1093', '100', '3', 'ศิรดา', 'อินทบุญศรี', '2', '0000-00-00', '98 หมู่ 15', '-', 'นาโป่ง', 'เมือง', '42', '42000', '-', '01', '1', '1', '-', '-', '-', '1007', '3', 'พาณิชยการ', 'วิทยาลัยิอาชีวศึกษาเลย', '0000-00-00', '30', '-', '-', '-', '', '', '', '', '', '0000-00-00', NULL);
INSERT INTO `emppersonal` VALUES (0091, '1091', '3421100084593', '1', 'ศรีสอาด', 'อุทธบูรณ์', '1', '1971-08-06', '88', '2', 'หนองคัน', 'ภูหลวง', '42', '42130', '-', '', '4', '1', '-', '-', '-', '2002', '3', '-', '-', '0000-00-00', '', '-', '-', '-', '', '', '', '', '', '0000-00-00', NULL);
INSERT INTO `emppersonal` VALUES (0092, '1092', '113', '1', 'ศักดิ์ชัย', 'นนทะศรี', '1', '0000-00-00', '212 หมู่ 2', '-', 'นาอาน', 'เมือง', '42', '42000', '-', '02', '4', '4', '-', '-', '-', '1002', '4', 'ช่างไฟฟ้า', 'วิทยาลัยเทคนิคเลย', '0000-00-00', '24', '-', '-', '-', '', '', '', '', '', '0000-00-00', NULL);
INSERT INTO `emppersonal` VALUES (0090, '1090', '1420200057281', '3', 'ศรัณญา', 'คำวีระ', '2', '0000-00-00', '198 หมู 3', '-', 'นาด้วง', 'นาด้วง', '42', '42210', '-', '02', '4', '1', '-', '-', '-', '2100', '3', '-', 'โรงเรียนจ่านกร้อง', '0000-00-00', '30', '-', '-', '-', '', '', '', '', '', '0000-00-00', NULL);
INSERT INTO `emppersonal` VALUES (0089, '1089', '1420100078324', '1', 'วุฒิชัย', 'กันพนม', '1', '0000-00-00', '155 ม.11', 'ฟากนา', 'นาอาน', 'เมือง', '42', '42000', '-', '01', '4', '4', '-', '-', '-', '3000', '3', 'เทคนิคคอมพิวเตอร์', 'วิทยาลัยเทคนิคเลย', '0000-00-00', '25', '-', '-', '-', '', '', '', '', '', '0000-00-00', NULL);
INSERT INTO `emppersonal` VALUES (0088, '1088', '129', '1', 'วีระยุทธ', 'สออนรัมย์', '1', '1990-01-06', '445 ม. 4', 'ฟากนา', 'นาอาน', 'เมือง', '42', '42000', '-', '01', '4', '', '-', '-', '-', '2002', '3', '-', '-', '0000-00-00', '25', '-', '-', '-', '', '', '', '', '', '0000-00-00', NULL);
INSERT INTO `emppersonal` VALUES (0087, '1087', '1349900034487', '3', 'วิไลพร', 'กุศกร', '2', '1984-11-13', '278/26', '', '01', 'เมือง', '42', '42000', '-', '01', '4', '1', '-', '-', '-', '2003', '5', 'พยาบาลศาสตร์บัณฑิต', '-', '0000-00-00', '31', '-', '-', '-', '', '', '', '', '', '0000-00-00', NULL);
INSERT INTO `emppersonal` VALUES (0085, '1085', '117', '1', 'วิทยา', 'ทุมสวัสดิ์', '1', '0000-00-00', '85 หมู่1', '-', 'นาอาน', 'เมือง', '42', '42000', '-', '01', '4', '4', '-', '-', '-', '1007', '1', '-', '-', '0000-00-00', '38', '-', '-', '-', '', '', '', '', '', '0000-00-00', NULL);
INSERT INTO `emppersonal` VALUES (0086, '1086', '5720100038292', '1', 'วิรัช', 'วัฒนา', '1', '0000-00-00', '440 หมู่ 4', '-', 'นาอาน', 'เมือง', '42', '42000', '-', '01', '1', '1', '-', '-', '-', '2400', '5', 'การพยาบาล', 'วิทยาลัยพยาบาลบรมราชชนนีศรีธัญญา', '0000-00-00', '33', '-', '-', '-', '', '', '', '', '', '0000-00-00', NULL);
INSERT INTO `emppersonal` VALUES (0084, '1084', '3420100004815', '3', 'วรีรัตน์', 'ซ้อนจันดี', '2', '0000-00-00', '26 หมู่ 1', '-', 'เมือง', 'เมือง', '42', '42000', '460/2544', '01', '1', '2', '-', '-', '-', '2400', '5', 'การพยาบาล', 'วิทยาลัยพยาบาลบรมราชชนนี นนทบุรี', '0000-00-00', '32', '-', '-', '-', '', '', '', '', '', '0000-00-00', NULL);
INSERT INTO `emppersonal` VALUES (0083, '1083', '3421100085671', '2', 'วริษา', 'บุษราคัม', '2', '1980-09-18', '63', '4', '02', 'เมือง', '42', '42000', '-', '01', '1', '2', '-', '-', '-', '2002', '5', 'พยาบาลศาสตร์บัณฑิต', '-', '0000-00-00', '33', '-', '-', '-', '', '', '', '', '', '0000-00-00', NULL);
INSERT INTO `emppersonal` VALUES (0081, '1081', '3640500454654', '1', 'วราพงษ์', 'กำไร', '1', '0000-00-00', '50', '-', 'หาดเลี้ยว', 'เมือง', '64', '64130', '203/2544', '01', '1', '1', '-', '-', '-', '7001', '5', 'จิตวิทยา', 'มหาวิทยาลัยเชียงใหม่', '0000-00-00', '16', '-', '-', '-', '', '', '', '', '', '0000-00-00', NULL);
INSERT INTO `emppersonal` VALUES (0082, '1082', '3421100084623', '2', 'วราภรณ์', 'อุทธบูรณ์', '2', '1977-03-17', '62/6', '9', '02', 'ภูหลวง', '42', '42130', '', '01', '4', '2', '-', '-', '-', '2003', '3', '-', '-', '0000-00-00', '23', '-', '-', '-', '', '', '', '', '', '0000-00-00', NULL);
INSERT INTO `emppersonal` VALUES (0080, '1080', '3559900151747', '1', 'วรพงษ์', 'ศรีสิทธิพจน์', '1', '0000-00-00', '3/1-2', '-', 'หายยา', 'เมือง', '50', '-', '-', '01', '1', '1', '-', '-', '-', '6000', '5', '-', 'ม.เชียงใหม่', '0000-00-00', '22', '-', '-', '-', '', '', '', '', '', '0000-00-00', NULL);
INSERT INTO `emppersonal` VALUES (0079, '1079', '5421000004284', '1', 'วรเชษฐ์', 'ไผ่นอก', '1', '1983-04-28', '94', '2', '01', 'หนองหิน', '42', '42130', '-', '', '4', '', '-', '-', '-', '2002', '5', '-', '-', '0000-00-00', '24', '-', '-', '-', '', '', '', '', '', '0000-00-00', NULL);
INSERT INTO `emppersonal` VALUES (0078, '1078', '3420100377590', '3', 'ลินดา', 'ภูลายดอก', '2', '0000-00-00', '167 หมู่่ 14', '-', 'นาโป่ง', 'เมือง', '42', '42000', '-', '02', '4', '2', '-', '-', '-', '5000', '5', '-', '-', '0000-00-00', '25', '-', '-', '-', '', '', '', '', '', '0000-00-00', NULL);
INSERT INTO `emppersonal` VALUES (0077, '1077', '3449900187475', '1', 'ลิขิตพงษ์', 'วรจินดา', '1', '0000-00-00', '55', '-', 'กุดป่อง', 'เมือง', '42', '42000', '645/2543', '02', '1', '1', '-', '-', '-', '1104', '4', 'เวชสถิติ', 'วิทยาลัยเทคโนโลยีทางการแพทย์และสาธารณสุขกาญจนาภิเษก', '0000-00-00', '5', '-', '-', '-', '', '', '', '', '', '0000-00-00', NULL);
INSERT INTO `emppersonal` VALUES (0076, '1076', '3720900310683', '1', 'ราเชนทร์', 'แจ้งสว่าง', '1', '1980-08-10', '306', '4', '07', 'เมือง', '42', '42000', '-', '01', '4', '2', '-', '-', '-', '2003', '3', '-', '-', '0000-00-00', '25', '-', '-', '-', '', '', '', '', '', '0000-00-00', NULL);
INSERT INTO `emppersonal` VALUES (0075, '1075', '1420100028386', '3', 'รัตนาพร', 'สร้อยจันดา', '2', '1986-03-21', '368', '11', '07', 'เมือง', '42', '42000', '-', '01', '4', '1', '-', '-', '-', '2003', '5', '-', '-', '0000-00-00', '25', '-', '-', '-', '', '', '', '', '', '0000-00-00', NULL);
INSERT INTO `emppersonal` VALUES (0074, '1074', '3420100074481', '3', 'รัตนา', 'จิตมั่น', '2', '1977-02-26', '25', '2', '13', 'เมือง', '42', '42000', '-', '01', '3', '2', '-', '-', '-', '2002', '5', 'พยาบาลศาสตร์บัณฑิต', '-', '0000-00-00', '31', '-', '-', '-', '', '', '', '', '', '0000-00-00', NULL);
INSERT INTO `emppersonal` VALUES (0073, '1073', '3420900788608', '3', 'รัชนี', 'คุณนา', '2', '1980-03-14', '8', '2', '11', 'วังสะพุง', '42', '42130', '', '01', '1', '', '-', '-', '-', '2003', '5', 'พยาบาลศาสตร์บัณฑิต', '-', '0000-00-00', '33', '-', '-', '-', '', '', '', '', '', '0000-00-00', NULL);
INSERT INTO `emppersonal` VALUES (0072, '1072', '3570101617348', '3', 'รภัทรธรณ์', 'ใจทน', '2', '1975-07-14', '440', '4', '07', 'เมือง', '42', '42000', '-', '01', '1', '1', '-', '-', '-', '2002', '5', 'พยาบาลศาสตร์บัณฑิต', '-', '0000-00-00', '33', '-', '-', '-', '', '', '', '', '', '0000-00-00', NULL);
INSERT INTO `emppersonal` VALUES (0071, '1071', '3420100152920', '2', 'เยาวลักษณ์', 'ตั้งวงศ์', '2', '1979-07-23', '28', '2', '11', 'เมือง', '42', '42000', '-', '01', '1', '2', '-', '-', '-', '2002', '5', 'พยาบาลศาสตร์บัณฑิต', '-', '0000-00-00', '33', '-', '-', '-', '', '', '', '', '', '0000-00-00', NULL);
INSERT INTO `emppersonal` VALUES (0070, '1070', '114', '1', 'ยุทธนา', 'น้อยมนตรี', '1', '0000-00-00', '48 หมู่ 1', '-', 'เมือง', 'เมือง', '42', '42000', '-', '02', '1', '2', '-', '-', '-', '1002', '5', 'วิศวกรรมไฟฟ้า', 'มหาวิทยาลัยภาคตะวันออกเฉียงเหนือ', '0000-00-00', '13', '-', '-', '-', '', '', '', '', '', '0000-00-00', NULL);
INSERT INTO `emppersonal` VALUES (0069, '1069', '116', '1', 'มาวิน', 'กุลสิม', '1', '0000-00-00', '217 หมู่ 11', '-', 'นาอาน', 'เมือง', '42', '42000', '-', '02', '4', '1', '-', '-', '-', '1006', '1', '-', '-', '0000-00-00', '26', '-', '-', '-', '', '', '', '', '', '0000-00-00', NULL);
INSERT INTO `emppersonal` VALUES (0068, '1068', '3420100388583', '1', 'มานัส', 'ภักดีมี', '1', '0000-00-00', '208 หมู่ 7', 'หัวนา', 'นาโป่ง', 'เมือง', '42', '42000', '-', '02', '4', '4', '-', '-', '-', '1000', '4', 'การบัญชี', '-', '0000-00-00', '24', '-', '-', '-', '', '', '', '', '', '0000-00-00', NULL);
INSERT INTO `emppersonal` VALUES (0067, '1067', '3420100545581', '3', 'มนันญา', 'วาที', '2', '0000-00-00', '215 ม.14', '-', 'นาดินดำ', 'เมือง', '42', '42000', 'คสก.645/43', '01', '1', '1', '-', '-', '-', '2002', '5', 'พยาบาลศาสตร์บัณฑิต', 'วิทยาลัยพยาบาลอุดรธานี', '0000-00-00', '32', '-', '-', '-', '', '', '', '', '', '0000-00-00', NULL);
INSERT INTO `emppersonal` VALUES (0065, '1065', '1401600127813', '1', 'ภานุพงษ์', ' แก้วคร', '1', '1988-11-22', '134', '3', '02', '16', '40', '-', '', '01', '3', '1', '-', '-', '-', '2002', '5', '-', '-', '0000-00-00', '31', '-', '-', '-', '', '', '', '', '', '0000-00-00', NULL);
INSERT INTO `emppersonal` VALUES (0066, '1066', '3540100076556', '1', 'ภูวดล', 'อ่อนน้อม', '1', '0000-00-00', '68/1 หมู่ 6', '-', 'ทุ่งโฮ่ง', 'เมือง', '54', '54000', '459/2551', '01', '1', '1', '-', '-', '-', '2300', '5', 'สังคมสังเคราะห์และสวัสดิการสังคม', 'มหาวิทยาลัยหัวเฉียวเฉลิมพระเกียรติ', '0000-00-00', '20', '-', '-', '-', '', '', '', '', '', '0000-00-00', NULL);
INSERT INTO `emppersonal` VALUES (0064, '1064', '3400100485481', '1', 'ภาณุพงศ์', 'ศุกรนันทน์', '1', '0000-00-00', '51 หมู่ 11', '-', 'นาอาน', 'เมือง', '42', '42000', '-', '02', '3', '2', '-', '-', '-', '1200', '3', 'ช่างยนต์', 'วิทยาลัยเทคนิคเลย', '0000-00-00', '9', '-', '-', '-', '', '', '', '', '', '0000-00-00', NULL);
INSERT INTO `emppersonal` VALUES (0063, '1063', '3429900071019', '2', 'เพ็ญสุดา', 'ไชยเมือง', '2', '0000-00-00', '440 หมู่ 4', '-', 'นาอาน', 'เมือง', '42', '42000', '1592/34', '01', '1', '1', '-', '-', '-', '2100', '6', 'การพยาบาลสุขภาพจิตและจิตเวช', 'มหาวิทยาลัยขอนแก่น', '0000-00-00', '33', '-', '-', '-', '', '', '', '', '', '0000-00-00', NULL);
INSERT INTO `emppersonal` VALUES (0062, '1062', '1730660002639', '1', 'พูนพัฒน์', 'กมลวุฒิพงศ์', '1', '1990-01-05', '444 ม. 4', 'ฟากนา', 'นาอาน', 'เมือง', '42', '42000', '-', '01', '1', '', '-', '-', '-', '6000', '5', 'แพทศาสตร์', '-', '0000-00-00', '22', '-', '-', '-', '', '', '', '', '', '0000-00-00', NULL);
INSERT INTO `emppersonal` VALUES (0061, '1061', '3420600027121', '3', 'พุฒิชาดา', 'จันทะคุณ', '2', '0000-00-00', '440 หมู่ 4', '-', 'นาอาน', 'เมือง', '42', '42000', '460/2544', '01', '1', '1', '-', '-', '-', '2100', '5', 'การพยาบาล', 'วิทยาลัยพยาบาลบรมราชชนนี นนทบุรี', '0000-00-00', '33', '-', '-', '-', '', '', '', '', '', '0000-00-00', NULL);
INSERT INTO `emppersonal` VALUES (0060, '1060', '104', '2', 'พิสมัย', 'ไชยมานันต์', '1', '0000-00-00', '6 หมู่ 2', '-', 'นาโป่ง', 'เมือง', '42', '42000', '-', '02', '4', '2', '-', '-', '-', '1300', '4', 'การบัญชี', 'โรงเรียนเมืองเลยเทคโนโลยี', '0000-00-00', '30', '-', '-', '-', '', '', '', '', '', '0000-00-00', NULL);
INSERT INTO `emppersonal` VALUES (0059, '1059', '3420100023909', '3', 'พิยะดา', 'หาชัยภูมิ', '2', '1981-11-04', '178/1', '-', '01', 'เมือง', '42', '42000', '-', '01', '1', '2', '-', '-', '-', '6000', '5', '-', '-', '0000-00-00', '22', '-', '-', '-', '', '', '', '', '', '0000-00-00', NULL);
INSERT INTO `emppersonal` VALUES (0058, '1058', '1369900084905', '1', 'พิชญ์พงศ์', 'คงนาวัง', '1', '0000-00-00', '291/1 ถ.บูรพา', '-', 'ในเมือง', 'เมือง', '36', '36000', '351/2555', '01', '3', '1', '-', '-', '-', '3000', '5', 'เภสัชกรรม', 'มหาวิทยาลัยขอนแก่น', '0000-00-00', '34', '-', '-', '-', '', '', '', '', '', '0000-00-00', NULL);
INSERT INTO `emppersonal` VALUES (0057, '1057', '3420100360981', '2', 'พจนา', 'รามศิริ', '1', '0000-00-00', '60 ม.13', 'หัวนา', 'นาโป่ง', 'เมือง', '42', '42000', '-', '01', '4', '2', '-', '-', '-', '2001', '4', 'การบัญชี', 'โรงเรียนเทคโนโลยีเลยบริหารธุรกิจ', '0000-00-00', '30', '-', '-', '-', '', '', '', '', '', '0000-00-00', NULL);
INSERT INTO `emppersonal` VALUES (0056, '1056', '3349900063777', '2', 'ผ่องพรรณ', 'อ้วนพรมมา', '2', '0000-00-00', '178', '-', 'นาอาน', 'เมือง', '42', '42000', 'สป.3232/2528', '01', '1', '1', '-', '-', '-', '2000', '5', 'พยาบาลศาสตร์บัณฑิต', 'วิทยาลัยพยาบาลสรรพสัทรัปณรงค์', '0000-00-00', '32', '-', '-', '-', '', '', '', '', '', '0000-00-00', NULL);
INSERT INTO `emppersonal` VALUES (0055, '1055', '105', '2', 'ปาลิดา', 'โสมาศรี', '2', '0000-00-00', '11', '-', 'นาอาน', 'เมือง', '42', '42000', '143/2544', '02', '2', '2', '-', '-', '-', '1300', '5', 'คอมพิวเตอร์ศึกษา', 'มหาวิทยาลัยราชภัฏเลย', '0000-00-00', '29', '-', '-', '-', '', '', '', '', '', '0000-00-00', NULL);
INSERT INTO `emppersonal` VALUES (0053, '1053', '3420100580247', '1', 'ปริญญา', 'จันทนา', '1', '0000-00-00', '28 ถ.เลยด่านซ้าย', '-', 'น้ำหมาน', 'เมือง', '42', '42000', '-', '01', '4', '2', '-', '-', '-', '2001', '3', 'ทั่วไป', 'การศึกษานอกโรงเรียน', '0000-00-00', '25', '-', '-', '-', '', '', '', '', '', '0000-00-00', NULL);
INSERT INTO `emppersonal` VALUES (0054, '1054', '3420900183641', '2', 'ปาณิสรา', 'อินทร์กันทุม', '2', '1979-08-09', '77/1', '10', '12', 'ภูหลวง', '42', '42130', '-', '01', '1', '1', '-', '-', '-', '2002', '5', 'พยาบาลศาสตร์บัณฑิต', '-', '0000-00-00', '', '-', '-', '-', '', '', '', '', '', '0000-00-00', NULL);
INSERT INTO `emppersonal` VALUES (0052, '1052', '106', '1', 'ประวิทย์', 'โสกัณทัต', '2', '0000-00-00', '274 หมู่ 2', '-', 'นาอาน', 'เมือง', '42', '42000', '-', '02', '4', '1', '-', '-', '-', '1300', '4', 'การบัญชี', 'โรงเรียนเทคโนโลยีเลยบริหารธุรกิจ', '0000-00-00', '30', '-', '-', '-', '', '', '', '', '', '0000-00-00', NULL);
INSERT INTO `emppersonal` VALUES (0051, '1051', '121', '2', 'ประภาศรี', 'ภักดีมี', '2', '0000-00-00', '208 หมู่ 7', 'หัวนา', 'นาโป่ง', 'เมือง', '42', '42000', '-', '02', '4', '2', '-', '-', '-', '1000', '5', 'การบัญชี', 'มหาวิทยาลัยราชภัฏเลย', '0000-00-00', '30', '-', '-', '-', '', '', '', '', '', '0000-00-00', NULL);
INSERT INTO `emppersonal` VALUES (0050, '1050', '3429900083220', '3', 'ประภารัตน์', 'ลาวัณย์ศิริ', '2', '0000-00-00', '3/6-7', '-', 'กุดป่อง', 'เมือง', '42', '42000', 'คสก. 681/44', '01', '1', '1', '-', '-', '-', '3000', '5', 'เภสัชกรรม', 'มหาวิทยาลัยรังสิต', '0000-00-00', '35', '-', '-', '-', '', '', '', '', '', '0000-00-00', NULL);
INSERT INTO `emppersonal` VALUES (0049, '1049', '3449900219690', '2', 'ประชุมพร', 'ปิ่นคำ', '2', '1990-01-04', '443 ม. 4', 'ฟากนา', 'นาอาน', 'เมือง', '42', '42000', '-', '01', '1', '', '-', '-', '-', '2002', '5', 'พยาบาลศาสตร์บัณฑิต', '-', '0000-00-00', '32', '-', '-', '-', '', '', '', '', '', '0000-00-00', NULL);
INSERT INTO `emppersonal` VALUES (0048, '1048', '3640400067594', '3', 'เบ็ญจา', 'นิ่มนวล', '2', '0000-00-00', '73/2 หมู่ 5', '-', 'กง', 'กงไกรลาศ', '64', '64170', '347/42', '01', '1', '1', '-', '0822295467', 'nimnaun_2517@hotmail.com', '4000', '5', 'การพยาบาล', 'วพ.บรมราชชนนี ศรีธัญญา', '0000-00-00', '32', '-', '-', '-', '', '', '', '', '', '0000-00-00', NULL);
INSERT INTO `emppersonal` VALUES (0047, '1047', '3429900091117', '3', 'บุศรินทร์', 'วงษ์ลา', '2', '0000-00-00', '16/34', '-', 'กุดป่อง', 'เมือง', '42', '42000', '316/45', '02', '1', '2', '-', '-', '-', '1200', '5', 'การบัญชี', 'มหาวิทยาลัยวงษ์ชวลิตกุล', '0000-00-00', '2', '-', '-', '-', '', '', '', '', '', '0000-00-00', NULL);
INSERT INTO `emppersonal` VALUES (0046, '1046', '127', '1', 'บุญมี', 'วัฒนากร', '1', '1990-01-03', '442 ม. 4', 'ฟากนา', 'นาอาน', 'เมือง', '42', '42000', '-', '02', '1', '', '-', '-', '-', '1000', '5', '-', '-', '0000-00-00', '13', '-', '-', '-', '', '', '', '', '', '0000-00-00', NULL);
INSERT INTO `emppersonal` VALUES (0045, '1045', '5421100030031', '3', 'นุชนาถ', 'ศรีหนารถ', '2', '0000-00-00', '75', '-', 'เลยวังไสย์', 'ภูหลวง', '42', '42130', '-', '02', '4', '1', '-', '-', '-', '1104', '3', 'การบัญชี', 'โรงเรียนเทคโนโลยีเลยบริหารธุรกิจ', '0000-00-00', '23', '-', '-', '-', '', '', '', '', '', '0000-00-00', NULL);
INSERT INTO `emppersonal` VALUES (0044, '1044', '1420100015535', '3', 'นุจรี', 'วัดศรีทานัง', '2', '0000-00-00', '173', 'ฟากนา', 'นาอาน', 'เมือง', '42', '42000', '-', '01', '1', '1', '-', '-', '-', '3000', '4', 'คอมพิวเตอร์', 'วิทยาลัยอาชีวเลย', '0000-00-00', '30', '-', '-', '-', '', '', '', '', '', '0000-00-00', NULL);
INSERT INTO `emppersonal` VALUES (0043, '1043', '3420100757171', '3', 'นิกาณ์', 'พรมลารักษ์', '2', '0000-00-00', '164', '-', 'กกดู่', 'เมือง', '42', '42000', '645/43', '02', '1', '1', '-', '-', '-', '2200', '5', 'เทคนิคการแพทย์', 'มหาวิทยาลัยเชียงใหม่', '0000-00-00', '1', '-', '-', '-', '', '', '', '', '', '0000-00-00', NULL);
INSERT INTO `emppersonal` VALUES (0042, '1042', '125', '3', 'นันทิดา', 'อาจแก้ว', '2', '0000-00-00', '67/8', '-', 'นาดินคำ', 'เมือง', '42', '42000', '039/2553', '02', '4', '2', '-', '-', '-', '4000', '5', '-', 'มหาวิทยาลัยราชภัฏเลย', '0000-00-00', '30', '-', '-', '-', '', '', '', '', '', '0000-00-00', NULL);
INSERT INTO `emppersonal` VALUES (0040, '1040', '342090075654', '3', 'นพรัตน์', 'ราตบุตร', '2', '0000-00-00', '55', '-', 'ปากปวน', 'วังสะพุง', '42', '42300', '-', '01', '4', '1', '-', '087-2277813', '-', '2001', '4', 'การบัญชี', 'วิทยาลัยอาชีวเลย', '0000-00-00', '25', '-', '-', '-', '', '', '', '', '', '0000-00-00', NULL);
INSERT INTO `emppersonal` VALUES (0041, '1041', '3420100237437', '2', 'นฤมล', 'แจ้งสว่าง', '2', '1979-10-14', '305', '4', '07', 'เมือง', '42', '42000', '-', '01', '4', '2', '-', '-', '-', '2002', '3', '-', '-', '0000-00-00', '25', '-', '-', '-', '', '', '', '', '', '0000-00-00', NULL);
INSERT INTO `emppersonal` VALUES (0039, '1039', '134', '2', 'นงลักษณ์', 'เวธิตะ', '2', '1990-01-02', '441 ม. 4', 'ฟากนา', 'นาอาน', 'เมือง', '42', '42000', '-', '01', '4', '', '-', '-', '-', '2004', '1', '-', '-', '0000-00-00', '', '-', '-', '-', '', '', '', '', '', '0000-00-00', NULL);
INSERT INTO `emppersonal` VALUES (0037, '1037', '3489900155387', '1', 'ธวัชชัย', 'ศิริสวัสดิ์', '1', '1972-11-13', '440', '4', '07', 'เมือง', '42', '42000', '-', '01', '2', '2', '-', '-', '-', '2002', '5', '-', '-', '0000-00-00', '25', '-', '-', '-', '', '', '', '', '', '0000-00-00', NULL);
INSERT INTO `emppersonal` VALUES (0038, '1038', '3420900206323', '3', 'นงค์รัก', 'ตะพานบุญ', '2', '0000-00-00', '227 ม.2', '-', 'เขาหลวง', 'วังสะพุง', '42', '42300', 'คสก. 460/44', '01', '1', '1', '-', '-', '-', '2001', '5', 'พยาบาลศาสตร์บัณฑิต', 'วิทยาลัยพยาบาลบรมราชชนนีนครพนม', '0000-00-00', '32', '-', '-', '-', '', '', '', '', '', '0000-00-00', NULL);
INSERT INTO `emppersonal` VALUES (0036, '1036', '3649900086061', '3', 'ธรารัตน์', 'ทัดสอน', '2', '0000-00-00', '30/6', '-', 'ธานี', 'เมือง', '64', '64000', '-', '01', '3', '1', '-', '-', '-', '2300', '5', 'สังคมสังเคราะห์และสวัสดิการสังคม', 'มหาวิทยาลัยหัวเฉียวเฉลิมพระเกียรติ', '0000-00-00', '19', '-', '-', '-', '', '', '', '', '', '0000-00-00', NULL);
INSERT INTO `emppersonal` VALUES (0035, '1035', '3420100279172', '1', 'ธนฐาน', 'ทิพสุวรรณ', '1', '0000-00-00', '34 หมู่ 2', '-', 'นาอาน', 'เมือง', '42', '42000', '-', '02', '4', '1', '-', '-', '-', '1104', '4', 'การบัญชี', 'โรงเรียนเทคโนโลยีเลยบริหารธุรกิจ', '0000-00-00', '30', '-', '-', '-', '', '', '', '', '', '0000-00-00', NULL);
INSERT INTO `emppersonal` VALUES (0034, '1034', '3420100234101', '1', 'ทวีศักดิ์', 'ผู้พึ่งธรรมคุณ', '1', '0000-00-00', '17 หมู่ 11', '-', 'นาอาน', 'เมือง', '42', '42000', '-', '01', '4', '1', '-', '-', '-', '1104', '3', '-', 'โรงเรียนเลยอนุกูลวิทยา', '0000-00-00', '23', '-', '-', '-', '', '', '', '', '', '0000-00-00', NULL);
INSERT INTO `emppersonal` VALUES (0033, '1033', '1420900039668', '3', 'ดวงพร', 'ศรีสมพาน', '2', '0000-00-00', '4 หมู่ 4', '-', 'น้ำสวย', 'เมือง', '42', '42000', '-', '02', '4', '1', '-', '-', '-', '1104', '3', '-', 'โรงเรียนศรีสงครามวิทยา', '0000-00-00', '25', '-', '-', '-', '', '', '', '', '', '0000-00-00', NULL);
INSERT INTO `emppersonal` VALUES (0032, '1032', '3429900028016', '3', 'ดวงใจ', 'คำสิงห์', '2', '0000-00-00', '11/22', '-', 'กุดป่อง', 'เมือง', '42', '42000', '-', '02', '4', '1', '-', '-', '-', '2400', '4', 'การบัญชี', 'โรงเรียนเทคโนโลยีเลยบริหารธุรกิจ', '0000-00-00', '30', '-', '-', '-', '', '', '', '', '', '0000-00-00', NULL);
INSERT INTO `emppersonal` VALUES (0031, '1031', '3160200318911', '3', 'ณัฐชา', 'คำผง', '2', '0000-00-00', '119 หมู่ 11', '-', 'นาอาน', 'เมือง', '42', '42000', '-', '02', '4', '1', '-', '-', '-', '1100', '4', 'คอมพิวเตอร์ธุรกิจ', 'โรงเรียนเทคนิคบริหารธุรกิจกรุงเทพ', '0000-00-00', '30', '-', '-', '-', '', '', '', '', '', '0000-00-00', NULL);
INSERT INTO `emppersonal` VALUES (0030, '1030', '122', '2', 'ณัฐชยา', 'มูลเจริญพร', '2', '0000-00-00', '161/11', '-', 'วังสะพุง', 'วังสะพุง', '42', '42130', '-', '02', '1', '2', '-', '-', '-', '1004', '5', '-', 'วิทยาลัยบัณฑิตธุรกิจ', '0000-00-00', '3', '-', '-', '-', '', '', '', '', '', '0000-00-00', NULL);
INSERT INTO `emppersonal` VALUES (0029, '1029', '3120101117152', '1', 'ณัฐกร', 'จำปาทอง', '1', '0000-00-00', '123/2000 หมู่ 16', '-', 'ในเมือง', 'เมือง', '12', '11000', '-', '01', '1', '1', '-', '-', '-', '6000', '5', 'การแพทย์', 'มหาวิทยาลัยขอนแก่น', '0000-00-00', '21', '-', '-', '-', '', '', '', '', '', '0000-00-00', NULL);
INSERT INTO `emppersonal` VALUES (0028, '1028', '3179900149100', '2', 'ณัฎฐพัชร', 'สุนทรโรวิทย์', '2', '1978-12-07', '440', '4', '07', 'เมือง', '42', '42000', '-', '01', '1', '2', '-', '-', '-', '2002', '6', 'พยาบาลศาสตร์บัณฑิต', '-', '0000-00-00', '32', '-', '-', '-', '', '', '', '', '', '0000-00-00', NULL);
INSERT INTO `emppersonal` VALUES (0027, '1027', '3420100340432', '1', 'ณัชญ์พิจักษณ์', 'พรมพินิจ', '1', '1979-11-22', '103', '2', '12', 'วังสะพุง', '42', '42130', '', '01', '4', '', '-', '-', '-', '2002', '5', '-', '-', '0000-00-00', '25', '-', '-', '-', '', '', '', '', '', '0000-00-00', NULL);
INSERT INTO `emppersonal` VALUES (0026, '1026', '3760100650323', '1', 'ณรงค์', 'ตั้งวงศ์', '1', '0000-00-00', '77 ม.9', '-', 'ไร่ส้ม', 'เมือง', '76', '-', 'วสก.460/44', '01', '1', '2', '-', '-', '-', '2001', '5', 'การพยาบาล', 'วิทยาลัยบรมราชชนนี ศรีธัญญา', '0000-00-00', '32', '-', '-', '-', '', '', '', '', '', '0000-00-00', NULL);
INSERT INTO `emppersonal` VALUES (0025, '1025', '3420100377107', '2', 'ญาณิศา', 'จันทะวงศ์', '2', '0000-00-00', '152', 'ติ้วน้อย', 'นาโป่ง', 'เมือง', '42', '42000', '645/43', '01', '1', '2', '-', '-', '-', '3000', '4', 'เทคนิคเภสัชกรรม', 'วิทยาลัยการสาธารสุขสิรินธร', '0000-00-00', '4', '-', '-', '-', '', '', '', '', '', '0000-00-00', NULL);
INSERT INTO `emppersonal` VALUES (0024, '1024', '1409900292591', '3', 'ชื่นนภา', 'ชัชวาลย์', '2', '0000-00-00', '81 ถ.เลยด่านซ้าย', '-', 'กุดป่อง', 'เมือง', '42', '42000', 'คกส 904/54', '01', '1', '1', '-', '-', '-', '3000', '5', 'เภสัชกรรม', 'มหาวิทยาลัยขอนแก่น', '0000-00-00', '34', '-', '-', '-', '', '', '', '', '', '0000-00-00', NULL);
INSERT INTO `emppersonal` VALUES (0022, '1022', '1420200040973', '1', 'ชาตรี', 'อาจแก้ว', '1', '0000-00-00', '166 ม.3', '-', 'นาด้วง', 'นาด้วง', '42', '42210', '-', '01', '4', '1', '-', '-', '-', '2004', '3', 'เครื่องกล', 'วิทยาลัยเทคนิคเลย', '0000-00-00', '25', '-', '-', '-', '', '', '', '', '', '0000-00-00', NULL);
INSERT INTO `emppersonal` VALUES (0023, '1023', '103', '3', 'ชินสุดา', 'รุ่งเรือง', '2', '0000-00-00', '317 หมู่ 7', '-', 'เมือง', 'เมือง', '42', '42000', '-', '02', '1', '1', '-', '-', '-', '1200', '5', 'การบัญชี', 'มหาวิทยาลัยมหาสารคาม', '0000-00-00', '18', '-', '-', '-', '', '', '', '', '', '0000-00-00', NULL);
INSERT INTO `emppersonal` VALUES (0021, '1021', '3301600257633', '1', 'ชาญชัย', 'ธรรมงาม', '1', '0000-00-00', '16 ม.2', '-', 'ห้วยแคน', 'ห้วยแถลง', '30', '30240', 'คสก. 460/44', '01', '1', '1', '-', '-', '-', '2004', '6', 'พยาบาลศาสตร์บัณฑิต', 'วิทยาลัยบรมราชชนนี ศรีธัญญา', '0000-00-00', '32', '-', '-', '-', '', '', '', '', '', '0000-00-00', NULL);
INSERT INTO `emppersonal` VALUES (0020, '1020', '3420500066672', '1', 'ชัยศักดิ์', 'ศรีภูมิ', '1', '0000-00-00', '62 หมู่ 1', '-', 'นาหอ', 'ด่านซ้าย', '42', '42120', '460/2544', '01', '1', '1', '-', '-', '-', '2400', '5', 'การพยาบาล', 'วิทยาลัยพยาบาลบรมราชชนนนีนครพนม', '0000-00-00', '33', '-', '-', '-', '', '', '', '', '', '0000-00-00', NULL);
INSERT INTO `emppersonal` VALUES (0019, '1019', '3421100084640', '1', 'ชยากร', 'ผาทองดี', '1', '1982-12-24', '87', '2', '02', 'ภูหลวง', '42', '42130', '-', '01', '4', '2', '-', '-', '-', '2002', '3', '-', '-', '0000-00-00', '25', '-', '-', '-', '', '', '', '', '', '0000-00-00', NULL);
INSERT INTO `emppersonal` VALUES (0018, '1018', '3429900198418', '1', 'ชยพล', 'สันติวรากร', '1', '0000-00-00', '7/2', '-', 'กุดป่อง', 'เมือง', '42', '42000', '-', '02', '3', '1', '-', '-', '-', '1102', '5', 'เทคโนโลยีอุตสาหกรรม(เทคโนโลยีอิเล็กทรอนิคส์)', 'มหาวิทยาลัยราชภัฏเลย', '0000-00-00', '13', '-', '-', '-', '', '', '', '', '', '0000-00-00', NULL);
INSERT INTO `emppersonal` VALUES (0017, '1017', '3480700652133', '1', 'ชนาธิป', 'จันทะวงศ์', '1', '0000-00-00', '152', 'ติ้วน้อย', 'นาโป่ง', 'เมือง', '42', '42000', '-', '02', '4', '2', '-', '-', '-', '3000', '4', 'คอมพิวเตอร์', 'เทคนิคภาคตะวันออกเฉียงเหนือ', '0000-00-00', '10', '-', '-', '-', '', '', '', '', '', '0000-00-00', NULL);
INSERT INTO `emppersonal` VALUES (0016, '1016', '3420100530797', '2', 'ไฉนพร', 'ปิ่นเจริญ', '2', '0000-00-00', '84 ม.6', 'หนองผำ', 'นาดินดำ', 'เมือง', '42', '42000', 'คสก. 607/45', '01', '1', '1', '-', '-', '-', '2004', '5', 'พยาบาลศาสตร์บัณฑิต', 'วิทยาลัยบรมราชชนนี สระบุรี', '0000-00-00', '32', '-', '-', '-', '', '', '', '', '', '0000-00-00', NULL);
INSERT INTO `emppersonal` VALUES (0014, '1014', '5420590030024', '2', 'ฉลองรัตน์', 'ศรีพรหม', '2', '1979-10-16', '26', '8', '01', 'ด่านซ้าย', '42', '42120', '', '01', '1', '2', '-', '-', '-', '2004', '5', 'พยาบาลศาสตร์บัณฑิต', '-', '0000-00-00', '33', '-', '-', '-', '', '', '', '', '', '0000-00-00', NULL);
INSERT INTO `emppersonal` VALUES (0015, '1015', '4420500001978', '2', 'ฉันทนา', 'ภาคเจริญ', '2', '1979-05-04', '116/6', '-', '05', 'ด่านซ้าย', '42', '42120', '', '01', '1', '2', '-', '-', '-', '2003', '5', 'พยาบาลศาสตร์บัณฑิต', '-', '0000-00-00', '33', '-', '-', '-', '', '', '', '', '', '0000-00-00', NULL);
INSERT INTO `emppersonal` VALUES (0013, '1013', '3410800280904', '2', 'เจตนิพิฐ', 'สุวรรณไกรษร', '2', '1990-01-01', '440 ม. 4', 'ฟากนา', 'นาอาน', 'เมือง', '42', '42000', '-', '01', '1', '', '-', '-', '-', '2002', '5', 'พยาบาลศาสตร์บัณฑิต', '-', '0000-00-00', '33', '-', '-', '-', '', '', '', '', '', '0000-00-00', NULL);
INSERT INTO `emppersonal` VALUES (0012, '1012', '101', '3', 'จุรีรัชต์', 'ทิพรส', '2', '0000-00-00', '106หมู่8', '-', 'เมือง', 'เมือง', '42', '42000', '590/2541', '01', '2', '2', '-', '-', '-', '1200', '5', 'บริหารธุรกิจการเกษตร', 'มหาวิทยาลัยแม่โจ้', '0000-00-00', '28', '-', '-', '-', '', '', '', '', '', '0000-00-00', NULL);
INSERT INTO `emppersonal` VALUES (0011, '1011', '119', '1', 'จีระศักดิ์', 'สุภีคำ', '1', '0000-00-00', '187 ม.1', 'กลาง', 'หนองหญ้าปล้อง', 'วังสะพุง', '42', '42130', '-', '01', '4', '2', '-', '0832832778', '-', '3000', '3', 'ช่างอุตสาหกรรม', 'วิทยาลัยเทคนิคอุดรธานี', '0000-00-00', '25', '-', '-', '-', '', '', '', '', '', '0000-00-00', NULL);
INSERT INTO `emppersonal` VALUES (0010, '1010', '5420900002597', '2', 'จันจิลา', ' เสนารักษ์', '2', '1979-06-25', '31', '-', '05', 'วังสะพุง', '42', '42130', '', '01', '1', '', '-', '-', '-', '2002', '5', 'พยาบาลศาสตร์บัณฑิต', '-', '0000-00-00', '33', '-', '-', '-', '', '', '', '', '', '0000-00-00', NULL);
INSERT INTO `emppersonal` VALUES (0008, '1008', '1420100058455', '3', 'เข็มพร', 'วงษ์ไทย', '2', '1986-06-19', '87', '4', '07', 'เมือง', '42', '42000', '-', '01', '4', '2', '-', '-', '-', '2003', '5', '-', '-', '0000-00-00', '25', '-', '-', '-', '', '', '', '', '', '0000-00-00', NULL);
INSERT INTO `emppersonal` VALUES (0009, '1009', '1420100005599', '2', 'คำคิด', 'นันทะพรม', '2', '0000-00-00', '308 หมู่ 7', '-', 'นาโป่ง', 'เมือง', '42', '42000', '-', '02', '4', '1', '-', '-', '-', '2300', '4', 'การบัญชี', 'วิทยาลัยอาชีวศึกษาเลย', '0000-00-00', '30', '-', '-', '-', '', '', '', '', '', '0000-00-00', NULL);
INSERT INTO `emppersonal` VALUES (0007, '1007', '102', '2', 'ขัตติยา', 'วัฒนา', '2', '0000-00-00', '440 หมู่ 4', '-', 'นาอาน', 'เมือง', '42', '42000', '443/2544', '02', '2', '2', '-', '-', '-', '1200', '4', 'การบัญชี', 'วิทยาลัยพาณิชยการบึงพระพิษณุโลก', '0000-00-00', '29', '-', '-', '-', '', '', '', '', '', '0000-00-00', NULL);
INSERT INTO `emppersonal` VALUES (0006, '1006', '3411100122436', '2', 'กานต์พิชชา', 'อธิพรหม', '2', '0000-00-00', '44 ม.6', '-', 'ถ่อนนาลับ', 'บ้านดุงง', '41', '41190', 'คสก.506/46', '01', '1', '1', '-', '-', '-', '2002', '5', 'พยาบาลศาสตร์บัณฑิต', 'วิทยาลัยบรมราชชนนี ศรีธัญญา', '0000-00-00', '32', '-', '-', '-', '', '', '', '', '', '0000-00-00', NULL);
INSERT INTO `emppersonal` VALUES (0005, '1005', '112', '1', 'กัมปนาท', 'บุตรจันทร์', '1', '0000-00-00', '292หมู่9', '-', 'วังสะพุง', 'วังสะพุง', '42', '42130', '-', '02', '4', '1', '-', '-', '-', '1001', '5', 'วิศวกรรมคอมพิวเตอร์', 'มหาวิทยาลัยเทคโนโลยีราชมงคลธัญบุรี', '0000-00-00', '7', '-', '-', '-', NULL, '', '', '1', NULL, '0000-00-00', NULL);
INSERT INTO `emppersonal` VALUES (0004, '1004', '1429900078319', '1', 'กฤษดา', 'ภักมี', '1', '1987-12-18', '97', '14', '08', 'เมือง', '42', '42000', '-', '01', '4', '1', '-', '-', '-', '2002', '3', '-', '-', '0000-00-00', '25', '-', '-', '-', '', '', '', '', '', '0000-00-00', NULL);
INSERT INTO `emppersonal` VALUES (0003, '1003', '126', '3', 'กรวิกา', 'วัดสีทานัง', '2', '0000-00-00', '53 ม.11', 'บง', 'นาโป่ง', 'เมือง', '42', '42000', '-', '01', '4', '1', '-', '-', '-', '6000', '4', 'เทคนิคการผลิตเครื่องนุ่งห่ม', 'วิทยลัยอาชีวศึกษา', '0000-00-00', '30', '-', '-', '-', '', '', '', '', '', '0000-00-00', NULL);
INSERT INTO `emppersonal` VALUES (0002, '1002', '3571200013697', '3', 'กรรณิการ์', 'ชื่นสมบัติ', '2', '0000-00-00', '76/1 ม.5', '-', 'แม่จั้วะ', 'เด่นชัย', '54', '34110', 'คสก. 460/44', '01', '1', '1', '-', '-', '-', '2002', '5', 'พยาบาลศาสตร์บัณฑิต', 'วิทยาลัยพยาบาลบรมราชชนนีกรุงเทพ', '0000-00-00', '32', '-', '-', '-', '', '', '', '', '', '0000-00-00', NULL);
INSERT INTO `emppersonal` VALUES (0001, '1001', '107', '3', 'กรรณิกา', 'อักษรทอง', '2', '0000-00-00', '47 หมู่ 3', '-', 'โพนสา', 'ท่าบ่อ', '43', '10240', '-', '01', '4', '1', '-', '-', '-', '7001', '5', 'จิตวิทยาคลินิกและชุมชน', 'มหาวิทยาลัยรามคำแหง', '0000-00-00', '15', '-', '-', '-', '', '', '', '', '', '0000-00-00', NULL);
INSERT INTO `emppersonal` VALUES (0095, '1095', '124', '3', 'ศิริรัตน์', 'ภูแดนผา', '2', '0000-00-00', '74 หมู่ 2', 'นาโป่ง', 'นาโป่ง', 'เมือง', '42', '4200', '089', '02', '1', '1', '-', '-', '-', '1004', '4', 'การบัญชี', 'มหาวิทยาลัยราชมงคลกรุงเทพ', '0000-00-00', '30', '-', '-', '-', '', '', '', '', '', '0000-00-00', NULL);
INSERT INTO `emppersonal` VALUES (0096, '1096', '130', '3', 'สกาวฟ้า', 'หมื่นกุดเลาะ', '2', '1990-01-07', '446 ม. 4', 'ฟากนา', 'นาอาน', 'เมือง', '42', '42000', '-', '01', '4', '', '-', '-', '-', '2002', '3', '-', '-', '0000-00-00', '25', '-', '-', '-', '', '', '', '', '', '0000-00-00', NULL);
INSERT INTO `emppersonal` VALUES (0097, '1097', '342100039442', '1', 'สงคราม', 'อินทร์เพชร', '1', '0000-00-00', '440 หมู่ 4', '-', 'นาอาน', 'เมือง', '42', '42000', '460/2544', '01', '1', '1', '-', '-', '-', '2100', '5', 'การพยาบาล', 'วิทยาลัยพยาบาลบรมราชชนนี นนทบุรี', '0000-00-00', '33', '-', '-', '-', '', '', '', '', '', '0000-00-00', NULL);
INSERT INTO `emppersonal` VALUES (0098, '1098', '3420500283312', '3', 'สมจินตนา', 'สีนอยขาว', '2', '1979-09-21', '33', '-', '08', 'ด่านซ้าย', '42', '42120', '', '01', '1', '2', '-', '-', '-', '2004', '5', 'พยาบาลศาสตร์บัณฑิต', '-', '0000-00-00', '33', '-', '-', '-', '', '', '', '', '', '0000-00-00', NULL);
INSERT INTO `emppersonal` VALUES (0099, '1099', '131', '1', 'สมชาย', 'รามศิริ', '1', '1990-01-08', '447 ม. 4', 'ฟากนา', 'นาอาน', 'เมือง', '42', '42000', '-', '02', '4', '', '-', '-', '-', '2002', '3', '-', '-', '0000-00-00', '25', '-', '-', '-', '', '', '', '', '', '0000-00-00', NULL);
INSERT INTO `emppersonal` VALUES (0100, '1100', '111', '1', 'สมพงษ์', 'จุ้มกายี', '1', '0000-00-00', '6 หมู่ 7', 'บ้านน้อยสนามบิน', 'เมือง', 'เมือง', '42', '42000', '-', '02', '4', '4', '-', '-', '-', '1000', '3', '-', '-', '0000-00-00', '24', '-', '-', '-', '', '', '', '', '', '0000-00-00', NULL);
INSERT INTO `emppersonal` VALUES (0101, '1101', '118', '1', 'สมเลือก', 'สุธงษา', '1', '0000-00-00', '380 หมู่ 4', '-', 'นาอาน', 'เมือง', '42', '42000', '-', '02', '4', '4', '-', '-', '-', '1007', '1', '-', '-', '0000-00-00', '38', '-', '-', '-', '', '', '', '', '', '0000-00-00', NULL);
INSERT INTO `emppersonal` VALUES (0102, '1102', '128', '1', 'สมัชชา', 'ค้ำมา', '1', '1990-01-09', '448 ม. 4', 'ฟากนา', 'นาอาน', 'เมือง', '42', '42000', '-', '02', '5', '', '-', '-', '-', '1007', '5', '-', '-', '0000-00-00', '38', '-', '-', '-', '', '', '', '', '', '0000-00-00', NULL);
INSERT INTO `emppersonal` VALUES (0103, '1103', '3401400155593', '1', 'สมัย', 'บุตรมาตย์', '1', '0000-00-00', '216 หมู่ 6', '-', 'นาอาน', 'เมือง', '42', '42000', '-', '02', '3', '3', '-', '-', '-', '1200', '5', 'การจ', 'มหาวิทยาลัยราชภัฏเพชรบุรีวิทยาลงกรณ์', '0000-00-00', '9', '-', '-', '-', '', '', '', '', '', '0000-00-00', NULL);
INSERT INTO `emppersonal` VALUES (0104, '1104', '3420500312690', '1', 'สมิง', 'ศรีบุตรตา', '1', '0000-00-00', '175 ม. 1', 'นาซำ', 'นาอาน', 'เมือง', '42', '42000', 'สธ818/55', '02', '3', '3', '-', '-', 'saming2522@hotmail.com', '1001', '5', 'เทคโนโลยีสารสนเทศ', 'มหาวิทยาลัยสุโขทัยธรรมมาธิราช', '0000-00-00', '39', '-', '-', '-', NULL, '', '', '1', NULL, '0000-00-00', NULL);
INSERT INTO `emppersonal` VALUES (0105, '1105', '109', '1', 'สราวุธ', 'เพียซิน', '1', '0000-00-00', '287 หมู่ 10', 'บ้านขอนแดง', 'นาอาน', 'เมือง', '42', '42000', '-', '02', '1', '1', '-', '-', '-', '1000', '3', 'ช่างยนต์', 'วิทยาลัยเทคนิคเลย', '0000-00-00', '24', '-', '-', '-', '', '', '', '', '', '0000-00-00', NULL);
INSERT INTO `emppersonal` VALUES (0106, '1106', '3420900576937', '1', 'สาธิต', 'ทองสม', '1', '1982-01-14', '31/38', '', '01', 'เมือง', '42', '42000', '-', '01', '4', '2', '-', '-', '-', '2002', '3', '-', '-', '0000-00-00', '25', '-', '-', '-', '', '', '', '', '', '0000-00-00', NULL);
INSERT INTO `emppersonal` VALUES (0107, '1107', '132', '3', 'สาวินี', 'วงษ์ไทย', '2', '1990-01-10', '449 ม. 4', 'ฟากนา', 'นาอาน', 'เมือง', '42', '42000', '-', '01', '4', '', '-', '-', '-', '2003', '3', '-', '-', '0000-00-00', '25', '-', '-', '-', '', '', '', '', '', '0000-00-00', NULL);
INSERT INTO `emppersonal` VALUES (0108, '1108', '115', '1', 'สุขเอนก', 'เตอร์ตู', '1', '0000-00-00', '299 หมู่ 3', '-', 'วังสะพุง', 'วังสะพุง', '42', '42130', '-', '02', '4', '4', '-', '-', '-', '1002', '4', 'ช่างกลโลหะ', 'วิทยาลัยเทคนิคเลย', '0000-00-00', '37', '-', '-', '-', '', '', '', '', '', '0000-00-00', NULL);
INSERT INTO `emppersonal` VALUES (0110, '1110', '3361000405011', '2', 'สุนันทา', 'พลเดชาสวัสดิ์', '2', '0000-00-00', '256/1', '-', 'หนองคอนไทย', 'ภูเขียว', '36', '-', '347/42', '01', '1', '1', '-', '-', '-', '2000', '5', 'พยาบาลศาสตรบัณฑิต', 'วพ.บรมราชชนนีศรีธัญญา', '0000-00-00', '21', '-', '-', '-', '', '', '', '', '', '0000-00-00', NULL);
INSERT INTO `emppersonal` VALUES (0111, '1111', '1420900121313', '1', 'สุพัฒน์ชัย', 'นามาใหม่', '1', '0000-00-00', '65 ม.7', '-', 'หนองงิ้ว', 'วังสะพุง', '42', '42130', '-', '01', '4', '4', '-', '080-4057393', '-', '3000', '3', '-', 'ก.ศ.น. วังสะพุง', '0000-00-00', '23', '-', '-', '-', '', '', '', '', '', '0000-00-00', NULL);
INSERT INTO `emppersonal` VALUES (0112, '1112', '3529900157044', '2', 'สุภาพร', 'เพียชิน', '2', '0000-00-00', '287', 'ขอนแดง', 'นาอาน', 'เมือง', '42', '42000', '-', '01', '4', '4', '-', '-', '-', '2001', '5', 'ภาษาอังกฤษ', 'สถาบันราชภัฏลำปาง', '0000-00-00', '30', '-', '-', '-', '', '', '', '', '', '0000-00-00', NULL);
INSERT INTO `emppersonal` VALUES (0113, '1113', '3420100453172', '2', 'สุราวรรณ', 'เกียรติธาตรี', '2', '0000-00-00', '309 หมู 7', 'นาโป่ง', 'นาโป่ง', 'เมือง', '42', '42000', '-', '01', '4', '4', '-', '-', '-', '1101', '5', 'เศรษฐศาสตร์ธุรกิจ', 'มหาวิทยาลัยราชภัฏเลย', '0000-00-00', '30', '-', '-', '-', '', '', '', '', '', '0000-00-00', NULL);
INSERT INTO `emppersonal` VALUES (0114, '1114', '133', '3', 'เสาวนิตย์', 'น้อยปา', '2', '1990-01-12', '451 ม. 4', 'ฟากนา', 'นาอาน', 'เมือง', '42', '42000', '-', '01', '4', '', '-', '-', '-', '2003', '5', '-', '-', '0000-00-00', '25', '-', '-', '-', '', '', '', '', '', '0000-00-00', NULL);
INSERT INTO `emppersonal` VALUES (0115, '1115', '1429900062277', '3', 'เสาวรักษ์', 'เหลืองอุทัยรัตน์', '2', '1986-05-31', '19/7', '-', '01', 'เมือง', '42', '42000', '-', '01', '3', '1', '-', '-', '-', '2003', '5', '-', '-', '0000-00-00', '25', '-', '-', '-', '', '', '', '', '', '0000-00-00', NULL);
INSERT INTO `emppersonal` VALUES (0116, '1116', '108', '3', 'แสงเงิน', 'เฝ้าสันเทียะ', '2', '0000-00-00', '440 หมู่ 4', '-', 'นาอาน', 'เมือง', '42', '42000', '700/2549', '01', '1', '1', '-', '-', '-', '7001', '5', 'จิตวิทยาคลินิกและชุมชน', 'มหาวิทยาลัยรามคำแหง', '0000-00-00', '17', '-', '-', '-', '', '', '', '', '', '0000-00-00', NULL);
INSERT INTO `emppersonal` VALUES (0117, '1117', '3450200295501', '1', 'อดิศักดิ์', 'ชัยศิริ', '1', '0000-00-00', '100 ม.5', '-', 'ผานกเค้า', 'ภูกระดึง', '42', '42180', 'คสก645/43', '01', '1', '1', '-', '-', '-', '2002', '6', 'พยาบาลศาสตร์บัณฑิต', 'มหาวิทยาลัยขอนแก่น', '0000-00-00', '32', '-', '-', '-', '', '', '', '', '', '0000-00-00', NULL);
INSERT INTO `emppersonal` VALUES (0118, '1118', '3480700505335', '3', 'อภัสฎา', 'เหล่าทะนนท์', '2', '0000-00-00', '38/7', '-', 'บ้านแพ้ว', 'นาแก', '48', '40130', '347/42', '01', '1', '1', '-', '-', '-', '2100', '6', 'การพยาบาลสุขภาพจิตและจิตเวช', 'มหาวิทยาลัยขอนแก่น', '0000-00-00', '32', '-', '-', '-', '', '', '', '', '', '0000-00-00', NULL);
INSERT INTO `emppersonal` VALUES (0119, '1119', '3420901203204', '2', 'อมรรัตน์', 'บุญหนัก', '2', '0000-00-00', '136 ม.5', '-', 'ศรีสงคราม', 'วังสะพุง', '42', '42130', 'คสก.460/44', '01', '1', '1', '-', '-', '-', '2002', '5', 'พยาบาลศาสตร์บัณฑิต', 'วิทยาลัยพยาบาล นครพนม', '0000-00-00', '32', '-', '-', '-', '', '', '', '', '', '0000-00-00', NULL);
INSERT INTO `emppersonal` VALUES (0120, '1120', '3440900066076', '1', 'อัญชลี', 'วิจิตรปัญญา', '2', '0000-00-00', '320 ถ.หลักเมือง', '-', 'ในเมือง', 'เมือง', '32', '511737', 'สป. 3397/2530', '01', '1', '1', '-', '-', '-', '2000', '4', 'ผดุงครรภ์', 'วิทยาลัยนคราชสีมา', '0000-00-00', '32', '-', '-', '-', '', '', '', '', '', '0000-00-00', NULL);
INSERT INTO `emppersonal` VALUES (0121, '1121', '3420100224696', '3', 'อัยญาณี', 'วิจารณรงค์', '2', '0000-00-00', '69 ม.8', '-', 'นาอ้อ', 'เมือง', '42', '42000', 'คสก. 460/44', '01', '1', '1', '-', '-', '-', '2001', '5', 'พยาบาลศาสตร์บัณฑิต', 'วิทยาลัยบรมราชชนนี นครพนม', '0000-00-00', '32', '-', '-', '-', '', '', '', '', '', '0000-00-00', NULL);
INSERT INTO `emppersonal` VALUES (0122, '1122', '1410800051607', '3', 'อาจรีย์', 'นันทสุธา', '2', '1988-10-13', '148', '8', '02', 'เมือง', '42', '42000', '-', '01', '1', '2', '-', '-', '-', '2002', '5', 'พยาบาลศาสตร์บัณฑิต', '-', '0000-00-00', '33', '-', '-', '-', '', '', '', '', '', '0000-00-00', NULL);
INSERT INTO `emppersonal` VALUES (0123, '1123', '3429900160321', '3', 'อารีรัตน์', 'จันทชา', '2', '0000-00-00', '33 ถ.เลย-ด่านซ้าย', '-', 'กุดป่อง', 'เมือง', '42', '42000', 'คส.645/43', '01', '1', '1', '-', '-', '-', '2001', '5', 'พยาบาลศาสตรบัณฑิต', 'วิทยาลัยพยาบาลอุดรธานี', '0000-00-00', '32', '-', '-', '-', '', '', '', '', '', '0000-00-00', NULL);
INSERT INTO `emppersonal` VALUES (0124, '1124', '3420100237429', '1', 'อุบล', ' ศรีบุรินทร์', '1', '1976-09-16', '23', '10', '01', 'เมือง', '42', '42000', '-', '01', '4', '2', '-', '-', '-', '2002', '5', '-', '-', '0000-00-00', '25', '-', '-', '-', '', '', '', '', '', '0000-00-00', NULL);
INSERT INTO `emppersonal` VALUES (0125, '1125', '3310200223412', '3', 'อุปัสรา', 'อรรณนพพร', '2', '1980-04-15', '88', '6', '01', '02', '31', '-', '', '01', '1', '1', '-', '-', '-', '6000', '5', 'แพทศาสตร์', '-', '0000-00-00', '22', '-', '-', '-', '', '', '', '', '', NULL, NULL);
INSERT INTO `emppersonal` VALUES (0126, '1126', '110', '1', 'เอกศักดิ์', 'หมื่นนุปิง', '1', '0000-00-00', '35/4', '-', 'กุดป่อง', 'เมือง', '42', '42000', '-', '02', '4', '4', '-', '-', '-', '1000', '4', 'ช่างยนต์', '-', '0000-00-00', '24', '-', '-', '-', '', '', '', '', '', '0000-00-00', NULL);
INSERT INTO `emppersonal` VALUES (0127, '1127', '3429900072465', '1', 'เอนก', 'บุญทศ', '1', '0000-00-00', '140/1 ถ.พิพัฒน์มงคล', 'แห่', 'กุดป่อง', 'เมือง', '42', '42000', '-', '01', '4', '4', '-', '-', '-', '2004', '5', 'เทคโนโลยีอุตสาหกรรม', 'มหาวิทยาลัยราชภัฎเลย', '0000-00-00', '27', '-', '-', '-', '', '', '', '', '', '0000-00-00', NULL);
INSERT INTO `emppersonal` VALUES (0128, '1128', '123', '3', 'เอมอร', 'คำดี', '2', '0000-00-00', '440 หมู่ 4', 'ฟากนา', 'นาอาน', 'เมือง', '42', '42000', '092', '02', '1', '1', '-', '-', 'kingkong_kk1@live.com', '1004', '5', 'การบัญชี', 'มหาวิทยาลัยราชภัฏเลย', '0000-00-00', '30', '-', '-', '-', '', '', '', '', '', '0000-00-00', NULL);

-- --------------------------------------------------------

-- 
-- โครงสร้างตาราง `empstatus`
-- 

CREATE TABLE `empstatus` (
  `status` int(2) NOT NULL auto_increment,
  `statusname` varchar(50) character set utf8 collate utf8_unicode_ci NOT NULL,
  PRIMARY KEY  (`status`)
) ENGINE=MyISAM  DEFAULT CHARSET=utf8 COLLATE=utf8_bin AUTO_INCREMENT=5 ;

-- 
-- dump ตาราง `empstatus`
-- 

INSERT INTO `empstatus` VALUES (1, 'โสด');
INSERT INTO `empstatus` VALUES (2, 'แต่งงาน');
INSERT INTO `empstatus` VALUES (3, 'หม้าย');
INSERT INTO `empstatus` VALUES (4, 'หย่าร้าง');

-- --------------------------------------------------------

-- 
-- โครงสร้างตาราง `empstuc`
-- 

CREATE TABLE `empstuc` (
  `Emstuc` varchar(2) character set utf8 collate utf8_unicode_ci NOT NULL,
  `StucName` varchar(50) character set utf8 collate utf8_unicode_ci NOT NULL,
  PRIMARY KEY  (`Emstuc`)
) ENGINE=MyISAM DEFAULT CHARSET=utf8 COLLATE=utf8_bin;

-- 
-- dump ตาราง `empstuc`
-- 

INSERT INTO `empstuc` VALUES ('01', 'สายงานหลัก');
INSERT INTO `empstuc` VALUES ('02', 'สายงานสนับสนุน');

-- --------------------------------------------------------

-- 
-- โครงสร้างตาราง `emptype`
-- 

CREATE TABLE `emptype` (
  `EmpType` int(2) NOT NULL auto_increment,
  `TypeName` varchar(50) character set utf8 collate utf8_unicode_ci NOT NULL,
  PRIMARY KEY  (`EmpType`)
) ENGINE=MyISAM  DEFAULT CHARSET=utf8 COLLATE=utf8_bin AUTO_INCREMENT=7 ;

-- 
-- dump ตาราง `emptype`
-- 

INSERT INTO `emptype` VALUES (1, 'ข้าราชการ');
INSERT INTO `emptype` VALUES (2, 'ลูกจ้างประจำ');
INSERT INTO `emptype` VALUES (3, 'พนักงานราชการ');
INSERT INTO `emptype` VALUES (4, 'ลูกจ้างชั่วคราว');
INSERT INTO `emptype` VALUES (5, 'ลูกจ้างรายวัน');
INSERT INTO `emptype` VALUES (6, 'นักศึกษาฝึกงาน');

-- --------------------------------------------------------

-- 
-- โครงสร้างตาราง `emstatus`
-- 

CREATE TABLE `emstatus` (
  `statusid` int(2) NOT NULL,
  `statusname` varchar(150) character set utf8 collate utf8_unicode_ci NOT NULL
) ENGINE=MyISAM DEFAULT CHARSET=utf8 COLLATE=utf8_bin;

-- 
-- dump ตาราง `emstatus`
-- 

INSERT INTO `emstatus` VALUES (5, 'ย้าย');
INSERT INTO `emstatus` VALUES (2, 'ลาออก');
INSERT INTO `emstatus` VALUES (3, 'ไปช่วยราชการ');
INSERT INTO `emstatus` VALUES (4, 'มาช่วยราชการ');
INSERT INTO `emstatus` VALUES (1, 'ยังปฏิบัติงานอยู่');

-- --------------------------------------------------------

-- 
-- โครงสร้างตาราง `hr`
-- 

CREATE TABLE `hr` (
  `id` int(11) NOT NULL,
  `name` varchar(100) collate utf8_bin NOT NULL,
  PRIMARY KEY  (`id`)
) ENGINE=MyISAM DEFAULT CHARSET=utf8 COLLATE=utf8_bin;

-- 
-- dump ตาราง `hr`
-- 


-- --------------------------------------------------------

-- 
-- โครงสร้างตาราง `login_users`
-- 

CREATE TABLE `login_users` (
  `login_name` varchar(50) character set utf8 collate utf8_unicode_ci NOT NULL,
  `login_password` varchar(50) character set utf8 collate utf8_unicode_ci NOT NULL,
  `seccode` int(2) NOT NULL,
  `empid` varchar(13) character set utf8 collate utf8_unicode_ci NOT NULL,
  `assign_status` char(1) character set utf8 collate utf8_unicode_ci NOT NULL
) ENGINE=MyISAM DEFAULT CHARSET=utf8 COLLATE=utf8_bin;

-- 
-- dump ตาราง `login_users`
-- 


-- --------------------------------------------------------

-- 
-- โครงสร้างตาราง `member`
-- 

CREATE TABLE `member` (
  `UserID` int(4) unsigned zerofill NOT NULL auto_increment,
  `Username` varchar(20) character set utf8 collate utf8_unicode_ci NOT NULL,
  `Password` varchar(20) character set utf8 collate utf8_unicode_ci NOT NULL,
  `Name` int(4) unsigned zerofill NOT NULL,
  `Status` enum('ADMIN','USER') character set utf8 collate utf8_unicode_ci NOT NULL default 'USER',
  PRIMARY KEY  (`UserID`),
  UNIQUE KEY `Username` (`Username`)
) ENGINE=MyISAM  DEFAULT CHARSET=utf8 COLLATE=utf8_bin AUTO_INCREMENT=105 ;

-- 
-- dump ตาราง `member`
-- 

INSERT INTO `member` VALUES (0001, 'user', 'user', 0002, 'USER');
INSERT INTO `member` VALUES (0003, 't01', 't01', 0001, 'ADMIN');
INSERT INTO `member` VALUES (0104, 'admin', 'admin', 0104, 'ADMIN');
INSERT INTO `member` VALUES (0004, 'tt', 'tt', 0001, 'USER');
INSERT INTO `member` VALUES (0005, 'a001', 'a001', 0004, 'USER');
INSERT INTO `member` VALUES (0006, 'applekk1', 'applekk1', 0011, 'ADMIN');
INSERT INTO `member` VALUES (0007, 'sirirat', 'sirirat', 0010, 'ADMIN');

-- --------------------------------------------------------

-- 
-- โครงสร้างตาราง `pcode`
-- 

CREATE TABLE `pcode` (
  `pcode` int(11) NOT NULL auto_increment,
  `pname` varchar(50) character set utf8 collate utf8_unicode_ci NOT NULL,
  PRIMARY KEY  (`pcode`)
) ENGINE=MyISAM  DEFAULT CHARSET=utf8 COLLATE=utf8_bin AUTO_INCREMENT=5 ;

-- 
-- dump ตาราง `pcode`
-- 

INSERT INTO `pcode` VALUES (1, 'นาย');
INSERT INTO `pcode` VALUES (2, 'นาง');
INSERT INTO `pcode` VALUES (3, 'นางสาว');
INSERT INTO `pcode` VALUES (4, 'ว่าที่ร้อยตรี ');

-- --------------------------------------------------------

-- 
-- โครงสร้างตาราง `plan`
-- 

CREATE TABLE `plan` (
  `type_id` varchar(100) character set utf8 collate utf8_unicode_ci NOT NULL,
  `amount` varchar(100) character set utf8 collate utf8_unicode_ci NOT NULL,
  `pjid` varchar(10) character set utf8 collate utf8_unicode_ci NOT NULL,
  `pid` int(11) NOT NULL auto_increment,
  `bdate` date NOT NULL,
  `edate` date NOT NULL,
  PRIMARY KEY  (`pid`)
) ENGINE=MyISAM  DEFAULT CHARSET=utf8 COLLATE=utf8_bin AUTO_INCREMENT=64 ;

-- 
-- dump ตาราง `plan`
-- 

INSERT INTO `plan` VALUES ('0004', '8', '2', 63, '2012-11-01', '2012-11-01');
INSERT INTO `plan` VALUES ('0003', '8', '2', 62, '2012-11-01', '2012-11-01');
INSERT INTO `plan` VALUES ('0001', '8', '2', 61, '2012-11-01', '2012-11-01');
INSERT INTO `plan` VALUES ('0002', '8', '2', 60, '2012-11-01', '2012-11-01');
INSERT INTO `plan` VALUES ('0001', '8', '2', 59, '2012-11-01', '2012-11-01');
INSERT INTO `plan` VALUES ('0002', '8', '2', 58, '2012-11-01', '2012-11-01');
INSERT INTO `plan` VALUES ('0001', '8', '2', 57, '2012-11-01', '2012-11-01');
INSERT INTO `plan` VALUES ('0001', '2', '1', 56, '2012-11-01', '2012-11-30');

-- --------------------------------------------------------

-- 
-- โครงสร้างตาราง `posid`
-- 

CREATE TABLE `posid` (
  `posId` int(4) NOT NULL auto_increment,
  `posname` varchar(150) character set utf8 collate utf8_unicode_ci NOT NULL,
  `lavel` varchar(4) character set utf8 collate utf8_unicode_ci NOT NULL,
  PRIMARY KEY  (`posId`)
) ENGINE=MyISAM  DEFAULT CHARSET=utf8 COLLATE=utf8_bin AUTO_INCREMENT=257 ;

-- 
-- dump ตาราง `posid`
-- 

INSERT INTO `posid` VALUES (1, 'เจ้าพนักงานวิทยาศาสตร์การแพทย์ชำนาญงาน', '101');
INSERT INTO `posid` VALUES (2, 'เจ้าพนักงานการเงินและบัญชีชำนาญงาน', '402');
INSERT INTO `posid` VALUES (3, 'เจ้าพนักงานธุรการปฏิบัติงาน', '201');
INSERT INTO `posid` VALUES (4, 'เจ้าพนักงานเภสัชกรชำนาญงาน', '103');
INSERT INTO `posid` VALUES (5, 'เจ้าพนักงานเวชสถิติชำนาญงาน', '202');
INSERT INTO `posid` VALUES (6, 'เจ้าพนักงานโสตทัศนศึกษา', '204');
INSERT INTO `posid` VALUES (7, 'เจ้าหน้าที่คอมพิวเตอร์', '205');
INSERT INTO `posid` VALUES (8, 'เจ้าหน้าที่บริหารงานทั่วไป', '206');
INSERT INTO `posid` VALUES (9, 'เจ้าหน้าที่บันทึกข้อมูล', '207');
INSERT INTO `posid` VALUES (10, 'เจ้าหน้าที่พัสดุ', '208');
INSERT INTO `posid` VALUES (11, 'ช่างไฟฟ้า', '209');
INSERT INTO `posid` VALUES (12, 'นักกิจกรรมบำบัดปฏิบัติการ', '104');
INSERT INTO `posid` VALUES (13, 'นักจัดการงานทั่วไป', '210');
INSERT INTO `posid` VALUES (14, 'นักจัดการงานทั่วไปชำนาญการ', '210');
INSERT INTO `posid` VALUES (15, 'นักจิตวิทยาคลินิค', '301');
INSERT INTO `posid` VALUES (16, 'นักจิตวิทยาคลินิคชำนาญการ', '301');
INSERT INTO `posid` VALUES (17, 'นักจิตวิทยาคลินิคปฏิบัติการ', '301');
INSERT INTO `posid` VALUES (18, 'นักวิชาการเงินและบัญชี', '400');
INSERT INTO `posid` VALUES (19, 'นักสังคมสงเคราะห์', '302');
INSERT INTO `posid` VALUES (20, 'นักสังคมสงเคราะห์ปฏิบัติการ', '302');
INSERT INTO `posid` VALUES (21, 'นายแพทย์ชำนาญการ', '400');
INSERT INTO `posid` VALUES (22, 'นายแพทย์ปฏิบัติการ', '400');
INSERT INTO `posid` VALUES (23, 'ผู้ช่วยเหลือคนไข้', '105');
INSERT INTO `posid` VALUES (24, 'พนักงานขับรถยนต์', '210');
INSERT INTO `posid` VALUES (25, 'พนักงานช่วยเหลือคนไข้', '105');
INSERT INTO `posid` VALUES (26, 'พนักงานทำความสะอาด', '211');
INSERT INTO `posid` VALUES (27, 'พนักงานประจำตึก', '212');
INSERT INTO `posid` VALUES (28, 'พนักงานพิมพ์  ส  2', '213');
INSERT INTO `posid` VALUES (29, 'พนักงานพิมพ์  ส  3', '213');
INSERT INTO `posid` VALUES (30, 'พนักงานพิมพ์ดีดชั้น 1', '214');
INSERT INTO `posid` VALUES (31, 'พยาบาลวิชาชีพ', '200');
INSERT INTO `posid` VALUES (32, 'พยาบาลวิชาชีพชำนาญการ', '200');
INSERT INTO `posid` VALUES (33, 'พยาบาลวิชาชีพปฏิบัติการ', '200');
INSERT INTO `posid` VALUES (34, 'เภสัชกร', '500');
INSERT INTO `posid` VALUES (35, 'เภสัชกรชำนาญการ', '500');
INSERT INTO `posid` VALUES (36, 'เภสัชกรปฏิบัติการ', '500');
INSERT INTO `posid` VALUES (37, 'ลูกมือช่าง', '215');
INSERT INTO `posid` VALUES (38, 'คนสวน', '216');
INSERT INTO `posid` VALUES (39, 'นักวิชาการคอมพิวเตอร์', '216');

-- --------------------------------------------------------

-- 
-- โครงสร้างตาราง `province`
-- 

CREATE TABLE `province` (
  `province_code` int(3) unsigned NOT NULL auto_increment,
  `province_name` text character set utf8 collate utf8_unicode_ci NOT NULL,
  `country_code` int(3) NOT NULL,
  PRIMARY KEY  (`province_code`)
) ENGINE=MyISAM  DEFAULT CHARSET=utf8 AUTO_INCREMENT=97 ;

-- 
-- dump ตาราง `province`
-- 

INSERT INTO `province` VALUES (81, 'กระบี่', 66);
INSERT INTO `province` VALUES (10, 'กรุงเทพมหานคร', 66);
INSERT INTO `province` VALUES (71, 'กาญจนบุรี', 66);
INSERT INTO `province` VALUES (46, 'กาฬสินธุ์', 66);
INSERT INTO `province` VALUES (62, 'กำแพงเพชร', 66);
INSERT INTO `province` VALUES (40, 'ขอนแก่น', 66);
INSERT INTO `province` VALUES (22, 'จันทบุรี', 66);
INSERT INTO `province` VALUES (24, 'ฉะเชิงเทรา', 66);
INSERT INTO `province` VALUES (20, 'ชลบุรี', 66);
INSERT INTO `province` VALUES (18, 'ชัยนาท', 66);
INSERT INTO `province` VALUES (36, 'ชัยภูมิ', 66);
INSERT INTO `province` VALUES (86, 'ชุมพร', 66);
INSERT INTO `province` VALUES (57, 'เชียงราย', 66);
INSERT INTO `province` VALUES (50, 'เชียงใหม่', 66);
INSERT INTO `province` VALUES (92, 'ตรัง', 66);
INSERT INTO `province` VALUES (23, 'ตราด', 66);
INSERT INTO `province` VALUES (63, 'ตาก', 66);
INSERT INTO `province` VALUES (26, 'นครนายก', 66);
INSERT INTO `province` VALUES (73, 'นครปฐม', 66);
INSERT INTO `province` VALUES (48, 'นครพนม', 66);
INSERT INTO `province` VALUES (30, 'นครราชสีมา', 66);
INSERT INTO `province` VALUES (80, 'นครศรีธรรมราช', 66);
INSERT INTO `province` VALUES (60, 'นครสวรรค์', 66);
INSERT INTO `province` VALUES (12, 'นนทบุรี', 66);
INSERT INTO `province` VALUES (96, 'นราธิวาส', 66);
INSERT INTO `province` VALUES (55, 'น่าน', 66);
INSERT INTO `province` VALUES (31, 'บุรีรัมย์', 66);
INSERT INTO `province` VALUES (13, 'ปทุมธานี', 66);
INSERT INTO `province` VALUES (77, 'ประจวบคีรีขันธ์', 66);
INSERT INTO `province` VALUES (25, 'ปราจีนบุรี', 66);
INSERT INTO `province` VALUES (94, 'ปัตตานี', 66);
INSERT INTO `province` VALUES (14, 'พระนครศรีอยุธยา', 66);
INSERT INTO `province` VALUES (56, 'พะเยา', 66);
INSERT INTO `province` VALUES (82, 'พังงา', 66);
INSERT INTO `province` VALUES (93, 'พัทลุง', 66);
INSERT INTO `province` VALUES (66, 'พิจิตร', 66);
INSERT INTO `province` VALUES (65, 'พิษณุโลก', 66);
INSERT INTO `province` VALUES (76, 'เพชรบุรี', 66);
INSERT INTO `province` VALUES (67, 'เพชรบูรณ์', 66);
INSERT INTO `province` VALUES (54, 'แพร่', 66);
INSERT INTO `province` VALUES (83, 'ภูเก็ต', 66);
INSERT INTO `province` VALUES (44, 'มหาสารคาม', 66);
INSERT INTO `province` VALUES (49, 'มุกดาหาร', 66);
INSERT INTO `province` VALUES (58, 'แม่ฮ่องสอน', 66);
INSERT INTO `province` VALUES (35, 'ยโสธร', 66);
INSERT INTO `province` VALUES (95, 'ยะลา', 66);
INSERT INTO `province` VALUES (45, 'ร้อยเอ็ด', 66);
INSERT INTO `province` VALUES (85, 'ระนอง', 66);
INSERT INTO `province` VALUES (21, 'ระยอง', 66);
INSERT INTO `province` VALUES (70, 'ราชบุรี', 66);
INSERT INTO `province` VALUES (16, 'ลพบุรี', 66);
INSERT INTO `province` VALUES (52, 'ลำปาง', 66);
INSERT INTO `province` VALUES (51, 'ลำพูน', 66);
INSERT INTO `province` VALUES (42, 'เลย', 66);
INSERT INTO `province` VALUES (33, 'ศรีสะเกษ', 66);
INSERT INTO `province` VALUES (47, 'สกลนคร', 66);
INSERT INTO `province` VALUES (90, 'สงขลา', 66);
INSERT INTO `province` VALUES (91, 'สตูล', 66);
INSERT INTO `province` VALUES (11, 'สมุทรปราการ', 66);
INSERT INTO `province` VALUES (75, 'สมุทรสงคราม', 66);
INSERT INTO `province` VALUES (74, 'สมุทรสาคร', 66);
INSERT INTO `province` VALUES (27, 'สระแก้ว', 66);
INSERT INTO `province` VALUES (19, 'สระบุรี', 66);
INSERT INTO `province` VALUES (17, 'สิงห์บุรี', 66);
INSERT INTO `province` VALUES (64, 'สุโขทัย', 66);
INSERT INTO `province` VALUES (72, 'สุพรรณบุรี', 66);
INSERT INTO `province` VALUES (84, 'สุราษฎร์ธานี', 66);
INSERT INTO `province` VALUES (32, 'สุรินทร์', 66);
INSERT INTO `province` VALUES (43, 'หนองคาย', 66);
INSERT INTO `province` VALUES (39, 'หนองบัวลำภู', 66);
INSERT INTO `province` VALUES (15, 'อ่างทอง', 66);
INSERT INTO `province` VALUES (37, 'อำนาจเจริญ', 66);
INSERT INTO `province` VALUES (41, 'อุดรธานี', 66);
INSERT INTO `province` VALUES (53, 'อุตรดิตถ์', 66);
INSERT INTO `province` VALUES (61, 'อุทัยธานี', 66);
INSERT INTO `province` VALUES (34, 'อุบลราชธานี', 66);
INSERT INTO `province` VALUES (38, 'บึงกาฬ', 0);

-- --------------------------------------------------------

-- 
-- โครงสร้างตาราง `statusla`
-- 

CREATE TABLE `statusla` (
  `id` int(11) NOT NULL auto_increment,
  `name` varchar(50) collate utf8_unicode_ci NOT NULL,
  PRIMARY KEY  (`id`)
) ENGINE=MyISAM  DEFAULT CHARSET=utf8 COLLATE=utf8_unicode_ci AUTO_INCREMENT=4 ;

-- 
-- dump ตาราง `statusla`
-- 

INSERT INTO `statusla` VALUES (1, 'อนุมัติ');
INSERT INTO `statusla` VALUES (2, 'ไม่อนุมัติ');
INSERT INTO `statusla` VALUES (3, 'ยกเลิกการลา');

-- --------------------------------------------------------

-- 
-- โครงสร้างตาราง `timela`
-- 

CREATE TABLE `timela` (
  `id` int(11) NOT NULL auto_increment,
  `empno` varchar(10) NOT NULL,
  `idno` varchar(15) default NULL,
  `vstdate` date NOT NULL,
  `comment` varchar(100) NOT NULL,
  `datela` date NOT NULL,
  `starttime` varchar(5) NOT NULL,
  `endtime` varchar(5) NOT NULL,
  `total` double NOT NULL,
  `status` varchar(1) NOT NULL,
  PRIMARY KEY  (`id`)
) ENGINE=MyISAM  DEFAULT CHARSET=utf8 AUTO_INCREMENT=27 ;

-- 
-- dump ตาราง `timela`
-- 

INSERT INTO `timela` VALUES (26, '0106', '2127', '2013-12-12', 'ไปทำธุรกรรมทางการเงิน', '2013-12-12', '13.00', '14.00', 1, '0');
INSERT INTO `timela` VALUES (25, '0060', '396', '2014-03-05', 'ไปทำธุระที่ว่าการอำเภอ', '2014-03-05', '13.00', '14.00', 1, '0');

-- --------------------------------------------------------

-- 
-- โครงสร้างตาราง `trainingin`
-- 

CREATE TABLE `trainingin` (
  `idpi` int(5) NOT NULL auto_increment,
  `in1` varchar(15) character set utf8 collate utf8_unicode_ci NOT NULL,
  `in2` varchar(150) character set utf8 collate utf8_unicode_ci NOT NULL,
  `in3` varchar(150) character set utf8 collate utf8_unicode_ci NOT NULL,
  `in4` varchar(150) character set utf8 collate utf8_unicode_ci NOT NULL,
  `dateBegin` date NOT NULL,
  `dateEnd` date NOT NULL,
  `in5` varchar(150) character set utf8 collate utf8_unicode_ci NOT NULL,
  `in6` varchar(4) character set utf8 collate utf8_unicode_ci NOT NULL,
  `in8` decimal(3,1) NOT NULL,
  `in9` int(5) NOT NULL,
  `in10` varchar(4) character set utf8 collate utf8_unicode_ci NOT NULL,
  `in11` varchar(10) character set utf8 collate utf8_unicode_ci NOT NULL,
  `in12` varchar(150) character set utf8 collate utf8_unicode_ci NOT NULL,
  `in13` varchar(150) character set utf8 collate utf8_unicode_ci NOT NULL,
  `in14` varchar(150) character set utf8 collate utf8_unicode_ci NOT NULL,
  `mp` int(6) NOT NULL,
  `m1` int(6) NOT NULL,
  `m2` int(6) NOT NULL,
  `m3` int(6) NOT NULL,
  `m4` int(6) NOT NULL,
  `m5` int(6) NOT NULL,
  `in15` varchar(5) character set utf8 collate utf8_unicode_ci NOT NULL,
  `in16` int(4) unsigned zerofill NOT NULL,
  `adminadd` varchar(5) character set utf8 collate utf8_unicode_ci NOT NULL,
  `in18` varchar(150) character set utf8 collate utf8_unicode_ci NOT NULL,
  PRIMARY KEY  (`idpi`)
) ENGINE=MyISAM  DEFAULT CHARSET=utf8 COLLATE=utf8_bin AUTO_INCREMENT=3 ;

-- 
-- dump ตาราง `trainingin`
-- 

INSERT INTO `trainingin` VALUES (1, '12345', 'โครงการติดตามประเมินผลจิตสังคมบำบัดผู้ใช้ สารเสพติด ประจำปีงบประมาณ  2556', 'ฝ่ายสุขภาพจิต สารเสพติด', 'โครงการติดตามประเมินผลจิตสังคมบำบัดผู้ใช้', '2012-11-01', '2012-11-30', 'รพ.จิตเวชเลย', '42', 30.0, 2, '2', '90', 'ไม่มี', 'ไม่มี', 'ไม่มี', 40000, 30000, 5000, 0, 5000, 0, '1', 0002, '002', '-');
INSERT INTO `trainingin` VALUES (2, 'สธ.1125', 'โครงการพัฒนาแนวทางการทำกลุ่มกิจกรรมฟื้นฟูผู้พิการ (ท 74)', 'งานผู้ป่วยนอก', 'โครงการพัฒนาแนวทางการทำกลุ่มกิจกรรมฟื้นฟูผู้พิการ (ท 74)', '2012-11-01', '2012-11-01', 'ณ  ห้องประชุม รพจ.เลยราชนครินทร์', '42', 1.0, 8, '2', '90.2', '-', '-', '-', 2500, 1500, 0, 0, 100, 0, '0001', 0003, '0002', '-');

-- --------------------------------------------------------

-- 
-- โครงสร้างตาราง `traininglevel`
-- 

CREATE TABLE `traininglevel` (
  `lid` int(4) NOT NULL auto_increment,
  `lname` varchar(100) character set utf8 collate utf8_unicode_ci NOT NULL,
  PRIMARY KEY  (`lid`)
) ENGINE=MyISAM  DEFAULT CHARSET=utf8 COLLATE=utf8_bin AUTO_INCREMENT=4 ;

-- 
-- dump ตาราง `traininglevel`
-- 

INSERT INTO `traininglevel` VALUES (1, 'บริหาร');
INSERT INTO `traininglevel` VALUES (2, 'วิชาการ');
INSERT INTO `traininglevel` VALUES (3, 'ปฏิบัติการ');

-- --------------------------------------------------------

-- 
-- โครงสร้างตาราง `trainingmoney`
-- 

CREATE TABLE `trainingmoney` (
  `id` int(4) NOT NULL auto_increment,
  `name` varchar(150) character set utf8 collate utf8_unicode_ci NOT NULL,
  PRIMARY KEY  (`id`)
) ENGINE=MyISAM  DEFAULT CHARSET=utf8 COLLATE=utf8_bin AUTO_INCREMENT=3 ;

-- 
-- dump ตาราง `trainingmoney`
-- 

INSERT INTO `trainingmoney` VALUES (1, 'เงินบำรุง');
INSERT INTO `trainingmoney` VALUES (2, 'เงินงบประมาณ');

-- --------------------------------------------------------

-- 
-- โครงสร้างตาราง `trainingtype`
-- 

CREATE TABLE `trainingtype` (
  `tid` int(4) NOT NULL auto_increment,
  `tName` varchar(150) character set utf8 collate utf8_unicode_ci NOT NULL,
  PRIMARY KEY  (`tid`)
) ENGINE=MyISAM  DEFAULT CHARSET=utf8 COLLATE=utf8_bin AUTO_INCREMENT=5 ;

-- 
-- dump ตาราง `trainingtype`
-- 

INSERT INTO `trainingtype` VALUES (1, 'ประชุม');
INSERT INTO `trainingtype` VALUES (2, 'สัมมนา');
INSERT INTO `trainingtype` VALUES (3, 'วิทยากร');
INSERT INTO `trainingtype` VALUES (4, 'ศึกษาดูงาน');

-- --------------------------------------------------------

-- 
-- โครงสร้างตาราง `training_out`
-- 

CREATE TABLE `training_out` (
  `tuid` int(5) NOT NULL auto_increment,
  `empno` int(4) unsigned zerofill NOT NULL,
  `datein` date NOT NULL,
  `memberbook` varchar(50) character set utf8 collate utf8_unicode_ci NOT NULL,
  `projectName` varchar(150) character set utf8 collate utf8_unicode_ci NOT NULL,
  `anProject` varchar(150) character set utf8 collate utf8_unicode_ci NOT NULL,
  `Beginedate` date NOT NULL,
  `endDate` date NOT NULL,
  `material` varchar(2) character set utf8 collate utf8_unicode_ci NOT NULL,
  `dt` varchar(150) character set utf8 collate utf8_unicode_ci NOT NULL,
  `amount` decimal(3,1) NOT NULL,
  `m1` int(8) default '0',
  `m2` int(8) default '0',
  `m3` int(8) default '0',
  `m4` int(8) default '0',
  `m5` int(8) default '0',
  `abstract` varchar(150) character set utf8 collate utf8_unicode_ci default NULL,
  `dc1` varchar(5) character set utf8 collate utf8_unicode_ci default NULL,
  `budget` varchar(150) character set utf8 collate utf8_unicode_ci default NULL,
  `nameAdmin` varchar(10) character set utf8 collate utf8_unicode_ci default NULL,
  `Knowledge` varchar(2) character set utf8 collate utf8_unicode_ci default NULL,
  `dc2` varchar(10) character set utf8 collate utf8_unicode_ci default NULL,
  `dc3` varchar(10) character set utf8 collate utf8_unicode_ci default NULL,
  `pattana` varchar(150) character set utf8 collate utf8_unicode_ci default NULL,
  `idh` varchar(5) character set utf8 collate utf8_unicode_ci default NULL,
  `satantee` varchar(150) character set utf8 collate utf8_unicode_ci default NULL,
  `hboss` varchar(4) character set utf8 collate utf8_unicode_ci default NULL,
  `chek` varchar(1) character set utf8 collate utf8_unicode_ci default NULL,
  `provenID` varchar(3) character set utf8 collate utf8_unicode_ci default NULL,
  `stantee` varchar(150) character set utf8 collate utf8_unicode_ci default NULL,
  PRIMARY KEY  (`tuid`)
) ENGINE=MyISAM  DEFAULT CHARSET=utf8 COLLATE=utf8_bin AUTO_INCREMENT=42 ;

-- 
-- dump ตาราง `training_out`
-- 

INSERT INTO `training_out` VALUES (10, 0055, '2013-08-28', 'สธ.0818.1.1./367', 'ประชุมเชิงปฏิบัติการการบริาหารด้านการคลัง', 'กองคลัง', '2013-09-11', '2013-09-13', '2', '2', 3.0, 3200, 0, 1440, 3408, 0, '-', 'ไม่มี', '1', '0104', NULL, 'ไม่มี', 'มี', NULL, '0128', 'โรงแรมซีมรีชพัทยา  จ.ชลบุรี', '0128', '1', '20', 'โรงแรมซีมรีชพัทยา  จ.ชลบุรี');
INSERT INTO `training_out` VALUES (9, 0097, '2013-08-28', 'สธ.0818.1.1./366', 'ประชุมกวป. และเยี่ยมผู้ป่วยซ้ำซ้อน', 'สสจ.หนองบัวลำภู', '2013-08-29', '2013-08-29', '3', '1', 1.0, 0, 0, 0, 0, 0, '-', 'ไม่มี', '1', '0104', NULL, 'ไม่มี', 'ไม่มี', NULL, '0128', 'สสจ.หนองบัวลำภู', '0128', '0', '39', 'สสจ.หนองบัวลำภู');
INSERT INTO `training_out` VALUES (8, 0100, '2013-08-28', 'สธ.0818.1.1./366', 'ประชุมกวป. และเยี่ยมผู้ป่วยซ้ำซ้อน', 'สสจ.หนองบัวลำภู', '2013-08-29', '2013-08-29', '3', '1', 1.0, 0, 0, 0, 0, 0, '-', 'ไม่มี', '1', '0104', NULL, 'ไม่มี', 'ไม่มี', NULL, '0128', 'สสจ.หนองบัวลำภู', '0128', '0', '39', 'สสจ.หนองบัวลำภู');
INSERT INTO `training_out` VALUES (11, 0023, '2013-08-28', 'สธ.0818.1.1./367', 'ประชุมเชิงปฏิบัติการการบริาหารด้านการคลัง', 'กองคลัง', '2013-09-11', '2013-09-13', '2', '2', 3.0, 3200, 0, 1440, 3408, 0, '-', 'ไม่มี', '1', '0104', NULL, 'ไม่มี', 'มี', NULL, '0128', 'โรงแรมซีมรีชพัทยา  จ.ชลบุรี', '0128', '1', '20', 'โรงแรมซีมรีชพัทยา  จ.ชลบุรี');
INSERT INTO `training_out` VALUES (12, 0021, '2013-08-28', 'สธ.0818.1.1./368', 'ประชุมวิชาการการเสริมสร้างทักษาชั้นสูงสำหรับ ADX', 'สมาคมผู้ปฏิบัติการพยาบาลชั้นสูง', '2013-09-09', '2013-09-11', '2', '1', 3.0, 3900, 3600, 720, 1794, 0, '-', 'ไม่มี', '1', '0104', NULL, 'ไม่มี', 'ไม่มี', NULL, '0128', 'โรงแรมดิเอ็มเมอรัล', '0128', '1', '10', 'โรงแรมดิเอ็มเมอรัล');
INSERT INTO `training_out` VALUES (13, 0120, '2013-08-29', 'สธ.0818.1.1./370', 'ประชุมคณะกรรมการจังหวัด', 'จังหวัดเลย', '2013-08-29', '2013-08-29', '1', '1', 0.5, 0, 0, 0, 0, 0, '-', 'ไม่มี', '1', '0104', NULL, 'ไม่มี', 'ไม่มี', NULL, '0128', 'ศาลากลางจังหวัดเลย', '0128', '1', '42', 'ศาลากลางจังหวัดเลย');
INSERT INTO `training_out` VALUES (14, 0063, '2013-08-29', 'สธ.0818.1.1./371', 'ประกปสข.', 'จิตเวชชุมชน', '2013-08-29', '2013-08-29', '1', '1', 1.0, 0, 0, 0, 0, 0, '-', 'ไม่มี', '1', '0104', NULL, 'ไม่มี', 'ไม่มี', NULL, '0128', 'อุดรธานี', '0128', '1', '41', 'อุดรธานี');
INSERT INTO `training_out` VALUES (15, 0029, '2013-08-29', 'สธ.0818.1.1./371', 'ประกปสข.', 'จิตเวชชุมชน', '2013-08-29', '2013-08-29', '1', '1', 1.0, 0, 0, 0, 0, 0, '-', 'ไม่มี', '1', '0104', NULL, 'ไม่มี', 'ไม่มี', NULL, '0128', 'อุดรธานี', '0128', '1', '41', 'อุดรธานี');
INSERT INTO `training_out` VALUES (16, 0068, '2013-08-29', 'สธ.0818.1.1./371', 'ประกปสข.', 'จิตเวชชุมชน', '2013-08-29', '2013-08-29', '1', '1', 1.0, 0, 0, 0, 0, 0, '-', 'ไม่มี', '1', '0104', NULL, 'ไม่มี', 'ไม่มี', NULL, '0128', 'อุดรธานี', '0128', '1', '41', 'อุดรธานี');
INSERT INTO `training_out` VALUES (18, 0118, '2013-08-30', 'สธ.0818.1.1./372', 'สัมนาประเมินผลการดำเนินงานสุขภาพจิตที่ 7  และ 8', 'ศูนย์สุขภาพจิตที่ 4', '2013-09-18', '2013-09-20', '1', '1', 2.0, 0, 0, 960, 1696, 0, '-', 'ไม่มี', '1', '0104', NULL, 'ไม่มี', 'ไม่มี', NULL, '0128', 'โรงแรมรอยัล แม่โขง ', '0128', '1', '43', 'โรงแรมรอยัล แม่โขง ');
INSERT INTO `training_out` VALUES (19, 0024, '2013-08-30', 'สธ.0818.1.1./373', 'ศึกษาดูงานการดำเนินงานเกี่ยวกับกระบวนการจัดการความรู้', 'รพจ.เลย', '2013-09-01', '2013-09-01', '4', '4', 1.0, 0, 0, 0, 0, 0, '-', 'ไม่มี', '1', '0104', NULL, 'ไม่มี', 'ไม่มี', NULL, '0128', 'โรงแรมทีเคพาเลซ', '0128', '1', '10', 'โรงแรมทีเคพาเลซ');
INSERT INTO `training_out` VALUES (23, 0031, '2013-08-30', 'สธ.0818.1.1./373', 'ศึกษาดูงานการดำเนินงานเกี่ยวกับกระบวนการจัดการความรู้', 'รพจ.เลย', '2013-09-01', '2013-09-01', '2', '4', 1.0, 0, 0, 0, 0, 0, '-', 'ไม่มี', '1', '0104', NULL, 'ไม่มี', 'ไม่มี', NULL, '0128', 'โรงแรมทีเคพาเลซ', '0128', '1', '10', 'โรงแรมทีเคพาเลซ');
INSERT INTO `training_out` VALUES (21, 0002, '2013-08-30', 'สธ.0818.1.1./373', 'ศึกษาดูงานการดำเนินงานเกี่ยวกับกระบวนการจัดการความรู้', 'รพจ.เลย', '2013-09-01', '2013-09-01', '2', '4', 1.0, 0, 0, 0, 0, 0, '-', 'ไม่มี', '1', '0104', NULL, 'ไม่มี', 'ไม่มี', NULL, '0128', 'รพจ.ขอนแก่น', '0128', '1', '10', 'รพจ.ขอนแก่น');
INSERT INTO `training_out` VALUES (22, 0040, '2013-08-30', 'สธ.0818.1.1./373', 'ศึกษาดูงานการดำเนินงานเกี่ยวกับกระบวนการจัดการความรู้', 'รพจ.เลย', '2013-09-01', '2013-09-01', '2', '4', 1.0, 0, 0, 0, 0, 0, '-', 'ไม่มี', '1', '0104', NULL, 'ไม่มี', 'ไม่มี', NULL, '0128', 'รพจ.ขอนแก่น', '0128', '1', '10', 'รพจ.ขอนแก่น');
INSERT INTO `training_out` VALUES (24, 0058, '2013-08-30', 'สธ.0818.1.1./373', 'ศึกษาดูงานการดำเนินงานเกี่ยวกับกระบวนการจัดการความรู้', 'รพจ.เลย', '2013-09-01', '2013-09-01', '2', '4', 1.0, 0, 0, 0, 0, 0, '-', 'ไม่มี', '1', '0104', NULL, 'ไม่มี', 'ไม่มี', NULL, '0128', 'รพจ.ขอนแก่น', '0128', '1', '10', 'รพจ.ขอนแก่น');
INSERT INTO `training_out` VALUES (25, 0126, '2013-08-30', 'สธ.0818.1.1./373', 'ศึกษาดูงานการดำเนินงานเกี่ยวกับกระบวนการจัดการความรู้', 'รพจ.เลย', '2013-09-01', '2013-09-01', '2', '4', 1.0, 0, 0, 0, 0, 0, '-', 'ไม่มี', '1', '0104', NULL, 'ไม่มี', 'ไม่มี', NULL, '0128', 'รพจ.ขอนแก่น', '0128', '1', '10', 'รพจ.ขอนแก่น');
INSERT INTO `training_out` VALUES (35, 0058, '2013-09-12', 'สธ.0818.1.1./379', 'ประชุมจัดหลักสูตรอบรมการบริหารเภสัชกครรม ผู้ป่วยจิตเวชสำหรับเภสัชกรเขตบริการสุขภาพจิต', 'สถาบันจิตเวชศาสตร์สมเด็จเจ้าพระยา', '2013-09-16', '2013-09-18', '1', '1', 2.0, 2250, 0, 720, 726, 0, '-', 'ไม่มี', '1', '0104', NULL, 'ไม่มี', 'ไม่มี', NULL, '0128', 'สถาบันจิตเวชศาสตร์สมเด็จเจ้าพระยา', '0128', '1', '10', 'สถาบันจิตเวชศาสตร์สมเด็จเจ้าพระยา');
INSERT INTO `training_out` VALUES (26, 0063, '2013-08-30', 'สธ.0818.1.1./374', 'ประชุมเชิงปฏิบัติการเพื่อพัฒนาแบบข้อเสนอแผนงานและชุดโครงการวิจัย', 'สำนักพัฒนาสุขภาพจิต', '2013-09-09', '2013-09-10', '2', '1', 2.0, 0, 0, 0, 0, 0, '-', 'ไม่มี', '1', '0104', NULL, 'ไม่มี', 'ไม่มี', NULL, '0128', 'โรงแรมทีเคพาเลซ', '0128', '1', '10', 'โรงแรมทีเคพาเลซ');
INSERT INTO `training_out` VALUES (27, 0063, '2013-08-30', 'สธ.0818.1.1./372', 'สัมนาประเมินผลการดำเนินงานสุขภาพจิตที่ 7  และ 8', 'ศูนย์สุขภาพจิตที่ 4', '2013-09-18', '2013-09-20', '1', '1', 2.0, 0, 0, 960, 1696, 0, '-', 'ไม่มี', '1', '0104', NULL, 'ไม่มี', 'ไม่มี', NULL, '0128', 'โรงแรมรอยัล แม่โขง ', '0128', '1', '43', 'โรงแรมรอยัล แม่โขง ');
INSERT INTO `training_out` VALUES (28, 0097, '2013-09-09', 'สธ.0818.1.1./375', 'เยียวยาผู้ได้รับผลกระทบสถานการณ์ชายแดนใต้', 'สสจ.เลย', '2013-09-10', '2013-09-10', '1', '1', 1.0, 0, 0, 240, 0, 0, NULL, 'ไม่มี', '1', '0104', NULL, 'ไม่มี', 'ไม่มี', NULL, '0128', 'สสจ.เลย', '0128', '1', '42', 'สสจ.เลย');
INSERT INTO `training_out` VALUES (29, 0081, '2013-09-09', 'สธ.0818.1.1./375', 'เยียวยาผู้ได้รับผลกระทบสถานการณ์ชายแดนใต้', 'สสจ.เลย', '2013-09-10', '2013-09-10', '1', '1', 1.0, 0, 0, 240, 0, 0, NULL, 'ไม่มี', '1', '0104', NULL, 'ไม่มี', 'ไม่มี', NULL, '0128', 'สสจ.เลย', '0128', '1', '42', 'สสจ.เลย');
INSERT INTO `training_out` VALUES (30, 0063, '2013-09-09', 'สธ.0818.1.1./376', 'เข้าร่วมสัมมนารูปแบบการพัฒนางานบริการสุขภาพจิตและจิตเวชฯ', 'กรมสุขภาพจิต', '2013-09-11', '2013-09-12', '2', '2', 2.0, 0, 0, 0, 0, 0, '-', 'ไม่มี', '2', '0104', NULL, 'ไม่มี', 'ไม่มี', NULL, '0128', 'โรงแรมรามาการ์เด้นส์', '0128', '1', '10', 'โรงแรมรามาการ์เด้นส์');
INSERT INTO `training_out` VALUES (31, 0097, '2013-09-11', 'สธ.0818.1.1./377', 'ออก extend opd', 'รพจ.เลยฯ', '2013-09-13', '2013-09-13', '3', '3', 1.0, 0, 0, 0, 0, 0, '-', 'ไม่มี', '1', '0104', NULL, 'ไม่มี', 'ไม่มี', NULL, '0128', 'รพ.เอราวัณ', '0128', '1', '42', 'รพ.เอราวัณ');
INSERT INTO `training_out` VALUES (32, 0059, '2013-09-11', 'สธ.0818.1.1./377', 'ออก extend opd', 'รพจ.เลยฯ', '2013-09-13', '2013-09-13', '3', '3', 1.0, 0, 0, 0, 0, 0, '-', 'ไม่มี', '1', '0104', NULL, 'ไม่มี', 'ไม่มี', NULL, '0128', 'รพ.เอราวัณ', '0128', '1', '42', 'รพ.เอราวัณ');
INSERT INTO `training_out` VALUES (33, 0116, '2013-09-11', 'สธ.0818.1.1./378', 'โครงการอบรมความรู้และทักษะการดูแลเด็ที่ถูกกระทำความรุนแรง', 'สถาบันพัฒนาการเด็กภาคตะวันออกเฉียงเหนือ', '2013-09-16', '2013-09-16', '2', '1', 1.0, 0, 0, 320, 840, 0, '-', 'ไม่มี', '1', '0104', NULL, 'ไม่มี', 'ไม่มี', NULL, '0128', 'โรงแรมโฆษะ ขอนแก่น', '0128', '1', '40', 'โรงแรมโฆษะ ขอนแก่น');
INSERT INTO `training_out` VALUES (34, 0121, '2013-09-11', 'สธ.0818.1.1./378', 'โครงการอบรมความรู้และทักษะการดูแลเด็ที่ถูกกระทำความรุนแรง', 'สถาบันพัฒนาการเด็กภาคตะวันออกเฉียงเหนือ', '2013-09-16', '2013-09-16', '2', '1', 1.0, 0, 0, 320, 840, 0, '-', 'ไม่มี', '1', '0104', NULL, 'ไม่มี', 'ไม่มี', NULL, '0128', 'โรงแรมโฆษะ ขอนแก่น', '0128', '1', '40', 'โรงแรมโฆษะ ขอนแก่น');
INSERT INTO `training_out` VALUES (36, 0026, '2013-09-13', 'สธ.0818.1.1./381', 'ประชุมแลกเปลี่ยนการเรียนรู้การให้บริการ 1323', 'สถาบันกัลยาณ์', '2013-09-17', '2013-09-18', '2', '1', 2.0, 560, 0, 1934, 0, 0, '-', 'ไม่มี', '1', '0104', NULL, 'ไม่มี', 'ไม่มี', NULL, '0128', 'โรงแรมรามากาเด้นส์', '0128', '1', '01', 'โรงแรมรามาการ์เด้น');
INSERT INTO `training_out` VALUES (37, 0062, '2013-09-13', 'สธ.0818.1.1./382', 'วิทยากรโครงการอบรมแกนนำนักศึกษาเฝ้าระวังยาเสพติดฯ', 'ม.ราชภัฎเลย', '2013-09-14', '2013-09-14', '2', '3', 1.0, 0, 0, 0, 0, 0, '-', 'ไม่มี', '1', '0104', NULL, 'ไม่มี', 'ไม่มี', NULL, '0128', 'ค่ายศรีสองรัก', '0128', '1', '42', 'ค่ายศรีสองรัก');
INSERT INTO `training_out` VALUES (38, 0097, '2013-09-16', 'สธ.0818.1.1./383', 'ออกหน่วย ผู้ป่วยนอกภูเรือ', 'รพจ.เลยฯ', '2013-09-19', '2013-09-19', '3', '3', 1.0, 0, 0, 0, 0, 0, '-', 'ไม่มี', '1', '0104', NULL, 'ไม่มี', 'ไม่มี', NULL, '0128', 'รพ.ภูเรือ', '0128', '1', '42', 'รพ.ภูเรือ');
INSERT INTO `training_out` VALUES (39, 0059, '2013-09-16', 'สธ.0818.1.1./383', 'ออกหน่วย ผู้ป่วยนอกภูเรือ', 'รพจ.เลยฯ', '2013-09-19', '2013-09-19', '3', '3', 1.0, 0, 0, 0, 0, 0, '-', 'ไม่มี', '1', '0104', NULL, 'ไม่มี', 'ไม่มี', NULL, '0128', 'รพ.ภูเรือ', '0128', '1', '42', 'รพ.ภูเรือ');
INSERT INTO `training_out` VALUES (40, 0047, '2013-09-16', 'สธ.0818.1.1./384', 'ประชุมชี้แจงการปฏิบัติในระบบ GFMIS จ่ายสิ้นงบประมาณ', 'จังหวัดเลย', '2013-09-17', '2013-09-17', '3', '1', 1.0, 0, 0, 0, 0, 0, '-', 'ไม่มี', '1', '0104', NULL, 'ไม่มี', 'ไม่มี', NULL, '0128', 'ห้องประชุมศรีสองรัก', '0128', '1', '42', 'ห้องประชุมศรีสองรัก');
INSERT INTO `training_out` VALUES (41, 0050, '2013-09-17', 'สธ.0818.1.1./385', 'ออกหน่วยบริการจังหวัดเคลื่อนที่ บำบัดทุกข์บำรุงสุข', 'สสจ.เลย', '2013-09-16', '2013-09-16', '3', '3', 1.0, 0, 0, 0, 0, 0, '-', 'ไม่มี', '1', '0104', NULL, 'ไม่มี', 'ไม่มี', NULL, '0128', 'รร.บ้านกลาง ภูเรือ', '0128', '1', '42', 'รร.บ้านกลาง ภูเรือ');

-- --------------------------------------------------------

-- 
-- โครงสร้างตาราง `trainuserin`
-- 

CREATE TABLE `trainuserin` (
  `id` int(5) unsigned zerofill NOT NULL,
  `idproject` varchar(5) character set utf8 collate utf8_unicode_ci NOT NULL,
  `empno` varchar(5) character set utf8 collate utf8_unicode_ci NOT NULL,
  `datebegin` date NOT NULL,
  `enddate` date NOT NULL,
  `amounttime` int(11) NOT NULL,
  PRIMARY KEY  (`id`)
) ENGINE=MyISAM DEFAULT CHARSET=utf8 COLLATE=utf8_bin;

-- 
-- dump ตาราง `trainuserin`
-- 

INSERT INTO `trainuserin` VALUES (00000, '', '', '0000-00-00', '0000-00-00', 0);

-- --------------------------------------------------------

-- 
-- โครงสร้างตาราง `typevacation`
-- 

CREATE TABLE `typevacation` (
  `idla` int(4) NOT NULL auto_increment,
  `nameLa` varchar(100) character set utf8 collate utf8_unicode_ci NOT NULL,
  PRIMARY KEY  (`idla`)
) ENGINE=MyISAM  DEFAULT CHARSET=utf8 COLLATE=utf8_bin AUTO_INCREMENT=8 ;

-- 
-- dump ตาราง `typevacation`
-- 

INSERT INTO `typevacation` VALUES (1, 'ลาป่วย');
INSERT INTO `typevacation` VALUES (2, 'ลากิจ');
INSERT INTO `typevacation` VALUES (3, 'ลาพักผ่อน');
INSERT INTO `typevacation` VALUES (4, 'ลาคลอด');
INSERT INTO `typevacation` VALUES (5, 'ลาบวช');
INSERT INTO `typevacation` VALUES (6, 'ลาศึกษาต่อ');
INSERT INTO `typevacation` VALUES (7, 'ลาเลี้ยงดูบุตร');

-- --------------------------------------------------------

-- 
-- โครงสร้างตาราง `work`
-- 

CREATE TABLE `work` (
  `workid` int(4) NOT NULL auto_increment,
  `enpid` varchar(5) character set utf8 collate utf8_unicode_ci NOT NULL,
  `update` date NOT NULL,
  `begindate` date NOT NULL,
  `amount` decimal(3,1) NOT NULL,
  `abnote` varchar(150) character set utf8 collate utf8_unicode_ci default NULL,
  `check_comment` varchar(2) character set utf8 collate utf8_unicode_ci default NULL,
  `enddate` date NOT NULL,
  `tel` varchar(30) character set utf8 collate utf8_unicode_ci NOT NULL,
  `boss_approve` varchar(1) character set utf8 collate utf8_unicode_ci default NULL,
  `boos_comment` varchar(150) character set utf8 collate utf8_unicode_ci default NULL,
  `address` varchar(150) character set utf8 collate utf8_unicode_ci default NULL,
  `comment` varchar(150) character set utf8 collate utf8_unicode_ci default NULL,
  `idAdmin` varchar(4) character set utf8 collate utf8_unicode_ci NOT NULL,
  `typela` varchar(2) character set utf8 collate utf8_unicode_ci NOT NULL,
  `statusla` int(11) NOT NULL,
  PRIMARY KEY  (`workid`)
) ENGINE=MyISAM  DEFAULT CHARSET=utf8 COLLATE=utf8_bin AUTO_INCREMENT=47 ;

-- 
-- dump ตาราง `work`
-- 

INSERT INTO `work` VALUES (44, '0106', '2013-10-02', '2013-10-04', 2.0, 'ไปทำธุระกับครอบครัว', '-', '2013-10-05', '0846864580', NULL, NULL, 'อ.เมือง จ.เลย', NULL, '0104', '2', 0);
INSERT INTO `work` VALUES (43, '0106', '2013-10-07', '2013-10-07', 1.0, 'ทำกิจธุระกับครอบครัว', '-', '2013-10-07', '0846824580', NULL, NULL, 'อ.เมือง จ.เลย', NULL, '0104', '2', 0);
INSERT INTO `work` VALUES (42, '0106', '2013-10-09', '2013-10-08', 1.0, 'ปวดท้อง (แผลในกระเพราะอาหาร)', 'n', '2013-10-08', '0846864580', NULL, NULL, 'กุดป่อง เมือง จ.เลย', NULL, '0104', '1', 0);
INSERT INTO `work` VALUES (41, '0106', '2013-11-14', '2013-11-11', 1.0, 'ปวดท้อง', 'n', '2013-11-11', '0846824580', NULL, NULL, 'เมือง จ.เลย', NULL, '0104', '1', 0);
INSERT INTO `work` VALUES (40, '0106', '2014-01-04', '2014-01-02', 1.0, 'ปวดท้อง แผลในกระเพาะอาหาร', 'y', '2014-01-02', '0846864580', NULL, NULL, 'อ.เมือง จ.เลย', NULL, '0104', '1', 0);
INSERT INTO `work` VALUES (39, '0106', '2014-02-17', '2014-04-17', 2.0, 'ปวดเอวจากการยกของหนัก', 'n', '2014-04-17', '0848664580', NULL, NULL, 'อ.เมือง จ.เลย', '-', '0104', '1', 0);
INSERT INTO `work` VALUES (38, '0122', '2014-03-21', '2014-04-27', 2.0, 'ไปรายงานตัวเพื่อบรรจุเข้ารับราชการ', '-', '2014-04-28', '0843442528', NULL, NULL, '-', '-', '0104', '2', 0);
INSERT INTO `work` VALUES (35, '0060', '2013-10-21', '2013-10-21', 2.0, '-', '-', '2013-10-22', '-', NULL, NULL, '-', '-', '0002', '2', 0);
INSERT INTO `work` VALUES (34, '0060', '2013-11-19', '2013-11-20', 2.0, '-', '-', '2013-11-21', '-', NULL, NULL, '-', '-', '0002', '3', 0);
INSERT INTO `work` VALUES (33, '0060', '2014-01-13', '2014-04-09', 1.0, '-', '-', '2014-04-09', '-', NULL, NULL, '-', '-', '0002', '2', 0);
INSERT INTO `work` VALUES (32, '0060', '2014-01-03', '2014-04-09', 1.0, '-', '-', '2014-04-09', '0934198995', NULL, NULL, '-', '-', '0002', '3', 0);
INSERT INTO `work` VALUES (36, '0060', '2013-10-16', '2013-10-16', 3.0, 'ขอพักฟื้นตัวเนื่องจากอาการปวดขาและหลัง', '-', '2013-10-18', '0934198995', NULL, NULL, '-', NULL, '0002', '2', 0);
INSERT INTO `work` VALUES (37, '0060', '2013-10-16', '2013-10-11', 3.0, 'หมอนรองกระูกหลังเลื่อนเดินลำบาก', '-', '2013-10-15', '-', NULL, NULL, '-', NULL, '0002', '1', 0);
INSERT INTO `work` VALUES (45, '0001', '2014-07-02', '2014-07-09', 1.0, '1', 'y', '2014-07-09', 'qq', NULL, NULL, 'q', 'qq', '0104', '1', 0);
INSERT INTO `work` VALUES (46, '0001', '2015-03-18', '2015-03-18', 1.0, '0000', 'y', '2015-03-18', '000000', NULL, NULL, 'eeeeee', '-', '0104', '1', 0);
